"ID";"SIREN";"Organisation_name";"Type_of_org";"zip_code";"City";"Department_code";"Department_name";"Region";"categorie_entreprise";"etablissements";"creation_date";"juridical_nature";"is_sse";"is_mission_driven"
1;15650955;"IMPRIMERIE COOPERATIVE OUVRIERE";"Cooperative";21000;"DIJON";"21";"COTE D OR";"BOURGOGNE FRANCHE COMTE";"Not_found";"Not_found";"Not_found";"Not_found";"Not_found";"Not_found"
2;341425858;"CITE CREATION";"Cooperative";69600;"OULLINS";"69";"RHONE";"AUVERGNE RHONE ALPES";"PME";"1";"1987-05-11";"5458";"TRUE";"FALSE"
3;379783871;"ASSOC PARENTS ELEVES";"Associations";43320;"VAZEILLES-LIMANDRE";"43";"HAUTE LOIRE";"AUVERGNE RHONE ALPES";"PME";"1";"1990-09-01";"9220";"TRUE";"FALSE"
4;397495086;"CORYPHEE";"Associations";25200;"MONTBELIARD";"25";"DOUBS";"BOURGOGNE FRANCHE COMTE";NA;"1";"1992-07-01";"9220";"TRUE";"FALSE"
5;407694082;"ASSOCIATION EVI DANSE";"Associations";38190;"BERNIN";"38";"ISERE";"AUVERGNE RHONE ALPES";NA;"1";"1996-04-15";"9220";"TRUE";"FALSE"
6;441977931;"ASSOCIATION FRANCAISE DE DROIT CONSTITUTIONNEL";"Associations";13090;"AIX-EN-PROVENCE";"13";"BOUCHES DU RHONE";"PROVENCE ALPES COTE D AZUR";NA;"1";"2000-03-22";"9220";"TRUE";"FALSE"
7;433987047;"DE L'ESPOIR POUR ORNELLA";"Associations";13360;"ROQUEVAIRE";"13";"BOUCHES DU RHONE";"PROVENCE ALPES COTE D AZUR";NA;"1";"2000-12-01";"9220";"TRUE";"FALSE"
8;453249096;"ASSOCIATION SPORTIVE DE SALANS";"Associations";39700;"SALANS";"39";"JURA";"BOURGOGNE FRANCHE COMTE";"PME";"1";"2004-01-01";"9220";"TRUE";"FALSE"
9;488023672;"FLAMENCO PASION";"Associations";69006;"LYON 6EME";"69";"RHONE";"AUVERGNE RHONE ALPES";"PME";"1";"2005-11-03";"9220";"TRUE";"FALSE"
10;490018918;"ASSOCIATION LOCALE ADMR EHPAD AITON";"Associations";73220;"AITON";"73";"SAVOIE";"AUVERGNE RHONE ALPES";"PME";"1";"2006-01-01";"9220";"TRUE";"FALSE"
11;508278199;"COMITE DES FETES DE SAINT JUST MARSEILLE";"Associations";13013;"MARSEILLE 13";"13";"BOUCHES DU RHONE";"PROVENCE ALPES COTE D AZUR";NA;"1";"2006-10-20";"9220";"TRUE";"FALSE"
12;518507496;"RESEAU DES CREFAD";"Associations";63000;"CLERMONT-FERRAND";"63";"PUY DE DOME";"AUVERGNE RHONE ALPES";"PME";"1";"2002-09-10";"9220";"TRUE";"FALSE"
13;523645992;"SPIRALE - LES PRETRES";"Associations";13007;"MARSEILLE 7";"13";"BOUCHES DU RHONE";"PROVENCE ALPES COTE D AZUR";NA;"1";"1982-06-09";"9220";"TRUE";"FALSE"
14;751108622;"ASSOCIATION AGREEE DE PECHE ET DE PROTECTION DU MILIEU AQUATIQUE DE LES AMIS DE LA SEMENE";"Associations";43330;"PONT-SALOMON";"43";"HAUTE LOIRE";"AUVERGNE RHONE ALPES";NA;"1";"1983-03-10";"9220";"TRUE";"FALSE"
15;779489327;"SOCIETE DE CHASSE";"Associations";38320;"BRIE-ET-ANGONNES";"38";"ISERE";"AUVERGNE RHONE ALPES";NA;"1";"1900-01-01";"9220";"TRUE";"FALSE"
16;798899860;"L ACADEMIE DES ETOILES DU VAR";"Associations";83640;"SAINT-ZACHARIE";"83";"VAR";"PROVENCE ALPES COTE D AZUR";NA;"1";"2013-09-12";"9220";"TRUE";"FALSE"
17;15750748;"COOP HABITAT BOURGOGNE";"Cooperative";71100;"CHALON-SUR-SAONE";"71";"SAONE ET LOIRE";"BOURGOGNE FRANCHE COMTE";"Not_found";"Not_found";"Not_found";"Not_found";"Not_found";"Not_found"
18;341425932;"LA RESPELIDO";"Associations";83200;"TOULON";"83";"VAR";"PROVENCE ALPES COTE D AZUR";"PME";"1";"1987-04-02";"9220";"TRUE";"FALSE"
19;379784200;"ASSOC PARENTS ELEVES";"Associations";43300;"PINOLS";"43";"HAUTE LOIRE";"AUVERGNE RHONE ALPES";NA;"1";"1990-09-10";"9220";"TRUE";"FALSE"
20;397496340;"SEBASTYAN THAI BOXING CLUB";"Associations";43000;"LE PUY-EN-VELAY";"43";"HAUTE LOIRE";"AUVERGNE RHONE ALPES";NA;"1";"1994-04-05";"9220";"TRUE";"FALSE"
21;407694884;"ASSO LA FAMILIALE";"Associations";73470;"NOVALAISE";"73";"SAVOIE";"AUVERGNE RHONE ALPES";NA;"1";"1995-01-01";"9220";"TRUE";"FALSE"
22;441978004;"COLLECTIF SANTE JEUNES DU PAYS AUBAGNAIS";"Associations";13400;"AUBAGNE";"13";"BOUCHES DU RHONE";"PROVENCE ALPES COTE D AZUR";"PME";"1";"2002-04-23";"9220";"TRUE";"FALSE"
23;433987732;"ASS MAEVA";"Associations";13001;"MARSEILLE 1";"13";"BOUCHES DU RHONE";"PROVENCE ALPES COTE D AZUR";NA;"1";"2000-01-25";"9220";"TRUE";"FALSE"
24;453249203;"DOMAINE PAUL CLAUDEL";"Associations";38510;"BRANGUES";"38";"ISERE";"AUVERGNE RHONE ALPES";NA;"1";"1989-04-09";"9220";"TRUE";"FALSE"
25;488024118;"BANANA SPLIT";"Associations";63230;"MAZAYE";"63";"PUY DE DOME";"AUVERGNE RHONE ALPES";"PME";"1";"2006-01-13";"9220";"TRUE";"FALSE"
26;490019247;"AMBOE";"Cooperative";13009;"MARSEILLE 9";"13";"BOUCHES DU RHONE";"PROVENCE ALPES COTE D AZUR";"PME";"1";"2006-04-14";"5458";"TRUE";"FALSE"
27;508278686;"MULTI GV TONIC";"Associations";38350;"LA MURE";"38";"ISERE";"AUVERGNE RHONE ALPES";"PME";"1";"2008-05-30";"9220";"TRUE";"FALSE"
28;518507561;"CENTRE DU FEDERAL ART COMBAT";"Associations";84110;"VAISON-LA-ROMAINE";"84";"VAUCLUSE";"PROVENCE ALPES COTE D AZUR";NA;"1";"1975-07-02";"9220";"TRUE";"FALSE"
29;523646081;"ASSOCIATION SPORTIVE VETERANS BEAUCOURT FOOT.";"Associations";90500;"BEAUCOURT";"90";"TERRITOIRE DE BELFORT";"BOURGOGNE FRANCHE COMTE";NA;"1";"2001-04-10";"9220";"TRUE";"FALSE"
30;751109893;"COM ST SYMPHORIEN CHARMOY FEDERATION NAT ANCIENS COMBAT AMT";"Associations";71710;"SAINT-SYMPHORIEN-DE-MARMAGNE";"71";"SAONE ET LOIRE";"BOURGOGNE FRANCHE COMTE";NA;"1";"1972-05-03";"9220";"TRUE";"FALSE"
31;779489541;"AMICALE CORPS SAPEURS POMPIERS";"Associations";38320;"BRIE-ET-ANGONNES";"38";"ISERE";"AUVERGNE RHONE ALPES";NA;"1";"1900-01-01";"9220";"TRUE";"FALSE"
32;798900429;"TOILES ET PINCEAUX";"Associations";83600;"FREJUS";"83";"VAR";"PROVENCE ALPES COTE D AZUR";NA;"1";"2013-09-24";"9220";"TRUE";"FALSE"
33;15950017;"BFC PROMOTION HABITAT";"Cooperative";21000;"DIJON";"21";"COTE D OR";"BOURGOGNE FRANCHE COMTE";"Not_found";"Not_found";"Not_found";"Not_found";"Not_found";"Not_found"
34;341430957;"ASS POM'CERISES";"Associations";69230;"SAINT-GENIS-LAVAL";"69";"RHONE";"AUVERGNE RHONE ALPES";"PME";"2";"1987-04-06";"9220";"TRUE";"FALSE"
35;379785926;"COMITE DEP HAND BALL HAUTE SAONE";"Associations";70000;"VESOUL";"70";"HAUTE SAONE";"BOURGOGNE FRANCHE COMTE";"PME";"1";"1990-10-15";"9220";"TRUE";"FALSE"
36;397497207;"CENTRE FORMATION AERONAUTIQUE BOURGOGNE";"Associations";89600;"CHEU";"89";"YONNE";"BOURGOGNE FRANCHE COMTE";NA;"1";"1994-04-10";"9220";"TRUE";"FALSE"
37;407695287;"GUILDE DES UTILISATEURS D'INFORMATIQUE LIBRE DU DAUPHINE";"Associations";38000;"GRENOBLE";"38";"ISERE";"AUVERGNE RHONE ALPES";NA;"1";"1996-05-01";"9220";"TRUE";"FALSE"
38;441978194;"MEDOBS";"Associations";13250;"SAINT-CHAMAS";"13";"BOUCHES DU RHONE";"PROVENCE ALPES COTE D AZUR";NA;"1";"1995-06-22";"9220";"TRUE";"FALSE"
39;433988367;"PATRIMOINE AU PRESENT LES AMIS DU CIER";"Associations";42100;"SAINT-ETIENNE";"42";"LOIRE";"AUVERGNE RHONE ALPES";NA;"1";"2001-01-01";"9220";"TRUE";"FALSE"
40;453254666;"EL CAMINO REAL";"Associations";38960;"SAINT-AUPRE";"38";"ISERE";"AUVERGNE RHONE ALPES";NA;"1";"2004-03-11";"9220";"TRUE";"FALSE"
41;488024332;"FDB MUAY THAI";"Associations";63000;"CLERMONT-FERRAND";"63";"PUY DE DOME";"AUVERGNE RHONE ALPES";NA;"1";"2005-04-08";"9220";"TRUE";"FALSE"
42;490020047;"GASFACE MEDIA";"Associations";69001;"LYON 1ER";"69";"RHONE";"AUVERGNE RHONE ALPES";NA;"1";"2006-05-01";"9220";"TRUE";"FALSE"
43;508288545;"BOOZOOLOOF PRODUCTION";"Associations";13003;"MARSEILLE 3";"13";"BOUCHES DU RHONE";"PROVENCE ALPES COTE D AZUR";NA;"1";"2005-03-09";"9220";"TRUE";"FALSE"
44;518508171;"ASSOCIATION DES PARENTS D'ELEVES DES ECOLES DE COLLOBRIERES";"Associations";83610;"COLLOBRIERES";"83";"VAR";"PROVENCE ALPES COTE D AZUR";NA;"1";"2009-10-16";"9220";"TRUE";"FALSE"
45;523646248;"FOOTBALL CLUB FEMININ 13";"Associations";13013;"MARSEILLE 13";"13";"BOUCHES DU RHONE";"PROVENCE ALPES COTE D AZUR";NA;"1";"2010-06-02";"9220";"TRUE";"FALSE"
46;751110669;"GROUPE ECONOMIQUE SOLIDAIRE 38";"Associations";38100;"GRENOBLE";"38";"ISERE";"AUVERGNE RHONE ALPES";NA;"1";"2010-11-03";"9220";"TRUE";"FALSE"
47;779489772;"CLUB OMNISPORT U S B LA BUISSE";"Associations";38500;"LA BUISSE";"38";"ISERE";"AUVERGNE RHONE ALPES";NA;"1";"1900-01-01";"9220";"TRUE";"FALSE"
48;798900601;"GROUPEMENT D'ENTREPRISES SOLIDAIRES PARTAGE ET TRAVAIL";"Associations";13090;"AIX-EN-PROVENCE";"13";"BOUCHES DU RHONE";"PROVENCE ALPES COTE D AZUR";"PME";"1";"2014-01-01";"9220";"TRUE";"FALSE"
49;16050726;"PARC EXPOS ET CONGRES DE DIJON";"Associations";21000;"DIJON";"21";"COTE D OR";"BOURGOGNE FRANCHE COMTE";"Not_found";"Not_found";"Not_found";"Not_found";"Not_found";"Not_found"
50;341432565;"THEATRE LES CLOCHARDS CELESTES";"Associations";69001;"LYON 1ER";"69";"RHONE";"AUVERGNE RHONE ALPES";"PME";"2";"1980-01-01";"9220";"TRUE";"FALSE"
51;379787492;"TENNIS CLUB DE L'AGGLOMERATION VESULIENNE";"Associations";70000;"VAIVRE-ET-MONTOILLE";"70";"HAUTE SAONE";"BOURGOGNE FRANCHE COMTE";"PME";"1";"1990-09-15";"9220";"TRUE";"FALSE"
52;397497793;"GROUPE COMMERCIAL ARTISANAL APT&ENVIRONS";"Associations";84400;"APT";"84";"VAUCLUSE";"PROVENCE ALPES COTE D AZUR";"PME";"1";"1994-06-24";"9220";"TRUE";"FALSE"
53;407695832;"GROUPEMENT D'EMPLOYEURS DE GERVANS";"Associations";26600;"GERVANS";"26";"DROME";"AUVERGNE RHONE ALPES";"PME";"1";"1996-05-13";"9223";"TRUE";"FALSE"
54;441978673;"ECOLE DE JEUNES SAPEURS POMPIERS";"Associations";43000;"LE PUY-EN-VELAY";"43";"HAUTE LOIRE";"AUVERGNE RHONE ALPES";NA;"1";"2000-03-27";"9220";"TRUE";"FALSE"
55;433988532;"ECOLE DE DANSE CANTON DE NOIRETABLE";"Associations";42440;"NOIRETABLE";"42";"LOIRE";"AUVERGNE RHONE ALPES";NA;"1";"2000-09-01";"9220";"TRUE";"FALSE"
56;453254831;"CLUB PETANQUE LE CARREAU DE MARSANNAY";"Associations";21160;"MARSANNAY-LA-COTE";"21";"COTE D OR";"BOURGOGNE FRANCHE COMTE";NA;"1";"1986-09-12";"9220";"TRUE";"FALSE"
57;488027962;"MEDEF CORSE";"Associations";20090;"AJACCIO";"2A";"CORSE DU SUD";"CORSE";"PME";"1";"2006-01-02";"8420";"TRUE";"FALSE"
58;490020062;"LOISIRS ET BIEN ETRE A ARSAC";"Associations";43700;"ARSAC-EN-VELAY";"43";"HAUTE LOIRE";"AUVERGNE RHONE ALPES";NA;"1";"2005-10-01";"9220";"TRUE";"FALSE"
59;508288735;"SERVICE DE REMPLACEMENT VALLEE DE M";"Associations";73300;"SAINT-JEAN-DE-MAURIENNE";"73";"SAVOIE";"AUVERGNE RHONE ALPES";"PME";"1";"2008-10-01";"9223";"TRUE";"FALSE"
60;518512967;"L ART DU YOGA";"Associations";21300;"CHENOVE";"21";"COTE D OR";"BOURGOGNE FRANCHE COMTE";"PME";"1";"2009-10-01";"9220";"TRUE";"FALSE"
61;523646271;"ASSOCIATION LOCALE POUR LE CULTE DES TEMOINS DE JEHOVAH DE LONS LE SAUNIER";"Associations";39570;"COURBOUZON";"39";"JURA";"BOURGOGNE FRANCHE COMTE";NA;"1";"1994-07-19";"9220";"TRUE";"FALSE"
62;751110917;"LA SOURCE";"Associations";21410;"AGEY";"21";"COTE D OR";"BOURGOGNE FRANCHE COMTE";NA;"1";"1985-04-26";"9220";"TRUE";"FALSE"
63;779489798;"ASSOC FAMILIALE DE LA BUISSE";"Associations";38500;"LA BUISSE";"38";"ISERE";"AUVERGNE RHONE ALPES";NA;"1";"1900-01-01";"9220";"TRUE";"FALSE"
64;798901039;"AGENCE DE L ERREUR";"Associations";13001;"MARSEILLE 1";"13";"BOUCHES DU RHONE";"PROVENCE ALPES COTE D AZUR";"PME";"2";"2013-09-18";"9220";"TRUE";"FALSE"
65;16350266;"SOCIETE DE CAUTION MUTUELLE IMMOBILIERE DE BOURGOGNE FRANCHE COMTE";"Cooperative";21000;"DIJON";"21";"COTE D OR";"BOURGOGNE FRANCHE COMTE";"Not_found";"Not_found";"Not_found";"Not_found";"Not_found";"Not_found"
66;341435519;"OFFICE CENTRAL COOPERATION A L'ECOLE";"Associations";90000;"BELFORT";"90";"TERRITOIRE DE BELFORT";"BOURGOGNE FRANCHE COMTE";"PME";"1";"1987-02-01";"9220";"TRUE";"FALSE"
67;379787658;"ASS CIE THEATRE PAUL NATHAN";"Associations";83300;"DRAGUIGNAN";"83";"VAR";"PROVENCE ALPES COTE D AZUR";"PME";"1";"1990-08-20";"9220";"TRUE";"FALSE"
68;397499971;"ASS RHONE ALPES ORCHIDEES";"Associations";69008;"LYON 8EME";"69";"RHONE";"AUVERGNE RHONE ALPES";NA;"1";"1987-07-29";"9220";"TRUE";"FALSE"
69;407697812;"LE RELAIS";"Associations";84110;"SEGURET";"84";"VAUCLUSE";"PROVENCE ALPES COTE D AZUR";NA;"1";"1996-05-15";"9220";"TRUE";"FALSE"
70;441981230;"ASSOCIATION NOIR SALLE";"Associations";26110;"MIRABEL-AUX-BARONNIES";"26";"DROME";"AUVERGNE RHONE ALPES";NA;"1";"2001-02-09";"9220";"TRUE";"FALSE"
71;433989464;"GALAXY FORMATION";"Associations";38090;"VILLEFONTAINE";"38";"ISERE";"AUVERGNE RHONE ALPES";"PME";"1";"2000-12-11";"9220";"TRUE";"FALSE"
72;453256521;"ECURIE LES FOUS DU VOLANT";"Associations";83136;"NEOULES";"83";"VAR";"PROVENCE ALPES COTE D AZUR";NA;"1";"2003-03-07";"9220";"TRUE";"FALSE"
73;488028200;"ASSOCIATION LE FIL DE SOIE";"Associations";13015;"MARSEILLE 15";"13";"BOUCHES DU RHONE";"PROVENCE ALPES COTE D AZUR";NA;"1";"2005-11-18";"9220";"TRUE";"FALSE"
74;490021250;"VENTU DI MARE";"Associations";20214;"CALENZANA";"2B";"HAUTE CORSE";"CORSE";"PME";"1";"2003-12-11";"9220";"TRUE";"FALSE"
75;508288834;"LA MASCOTTE";"Associations";69100;"VILLEURBANNE";"69";"RHONE";"AUVERGNE RHONE ALPES";NA;"1";"2007-02-01";"9220";"TRUE";"FALSE"
76;518519608;"ECOLE DE DANSE";"Associations";38870;"SAINT-SIMEON-DE-BRESSIEUX";"38";"ISERE";"AUVERGNE RHONE ALPES";"PME";"1";"2009-08-01";"9220";"TRUE";"FALSE"
77;523646875;"ASSEMBLEE DE DIEU DE MARTIGUES";"Associations";13500;"MARTIGUES";"13";"BOUCHES DU RHONE";"PROVENCE ALPES COTE D AZUR";"PME";"1";"1964-06-01";"9230";"TRUE";"FALSE"
78;751111238;"VERS UNE AUTRE PALETTE";"Associations";13011;"MARSEILLE 11";"13";"BOUCHES DU RHONE";"PROVENCE ALPES COTE D AZUR";NA;"1";"2012-01-28";"9220";"TRUE";"FALSE"
79;779490648;"OGEC CHABONS";"Associations";38690;"CHABONS";"38";"ISERE";"AUVERGNE RHONE ALPES";"PME";"2";"1900-01-01";"9220";"TRUE";"FALSE"
80;798901583;"METEOR";"Cooperative";43200;"YSSINGEAUX";"43";"HAUTE LOIRE";"AUVERGNE RHONE ALPES";"PME";"1";"2013-10-01";"5460";"TRUE";"FALSE"
81;16550329;"ASSOCIATION IMMOBILIERE";"Associations";21000;"DIJON";"21";"COTE D OR";"BOURGOGNE FRANCHE COMTE";"Not_found";"Not_found";"Not_found";"Not_found";"Not_found";"Not_found"
82;341435758;"FERTILY";"Associations";69008;"LYON 8EME";"69";"RHONE";"AUVERGNE RHONE ALPES";"PME";"1";"1986-02-12";"9220";"TRUE";"FALSE"
83;379788235;"COMITE BOURGOGNE CANOE KAYAK";"Associations";21000;"DIJON";"21";"COTE D OR";"BOURGOGNE FRANCHE COMTE";"PME";"1";"1990-09-01";"9220";"TRUE";"FALSE"
84;397501552;"ASSOCIATION AGIR";"Associations";89200;"AVALLON";"89";"YONNE";"BOURGOGNE FRANCHE COMTE";"PME";"1";"1994-06-28";"9220";"TRUE";"FALSE"
85;407701572;"ASS  ON SE REGALE";"Associations";38100;"GRENOBLE";"38";"ISERE";"AUVERGNE RHONE ALPES";NA;"1";"1996-02-19";"9220";"TRUE";"FALSE"
86;441982014;"NGANDA MWANA";"Associations";74000;"ANNECY";"74";"HAUTE SAVOIE";"AUVERGNE RHONE ALPES";NA;"1";"2002-02-26";"9220";"TRUE";"FALSE"
87;433990041;"ASSOCIATION PLANETE ART ET SCIENCE";"Associations";42740;"DOIZIEUX";"42";"LOIRE";"AUVERGNE RHONE ALPES";NA;"1";"2000-12-18";"9220";"TRUE";"FALSE"
88;453257222;"LUZ";"Associations";83610;"COLLOBRIERES";"83";"VAR";"PROVENCE ALPES COTE D AZUR";NA;"1";"2001-10-03";"9220";"TRUE";"FALSE"
89;488028358;"JONATHAN PIERRES VIVANTES";"Associations";26200;"MONTELIMAR";"26";"DROME";"AUVERGNE RHONE ALPES";NA;"1";"2001-12-11";"9220";"TRUE";"FALSE"
90;490021789;"ASS LI PETARDIE SAUTAREU";"Associations";84390;"SAULT";"84";"VAUCLUSE";"PROVENCE ALPES COTE D AZUR";NA;"1";"1982-04-19";"9220";"TRUE";"FALSE"
91;508288909;"ASSOCIATION CULTURELLE ET SOCIALE AS SALAM";"Associations";13001;"MARSEILLE 1";"13";"BOUCHES DU RHONE";"PROVENCE ALPES COTE D AZUR";NA;"1";"2005-04-08";"9220";"TRUE";"FALSE"
92;518520614;"QUINTETTE A MUSES";"Associations";69400;"VILLEFRANCHE-SUR-SAONE";"69";"RHONE";"AUVERGNE RHONE ALPES";NA;"1";"2009-10-14";"9220";"TRUE";"FALSE"
93;523647113;"INSTITUT D'ETUDES APPLIQUEES DES CIVILISATIONS ET DES ESPACES MEDITERRANEENS";"Associations";20228;"LURI";"2B";"HAUTE CORSE";"CORSE";NA;"1";"2006-10-02";"9220";"TRUE";"FALSE"
94;751111394;"RANDONNEES LOISIRS DOMMARTINOIS";"Associations";69380;"DOMMARTIN";"69";"RHONE";"AUVERGNE RHONE ALPES";NA;"1";"1995-09-06";"9220";"TRUE";"FALSE"
95;779490655;"ASSO FAMILIALE DE GESTION DE VALLON-BONNEVAUX ASSO RESPONSABLE DU LYCEE DE LENSEIGNEMENT AGRICOLE PRIVE VALLON-BONNEVAUX";"Associations";38440;"SAINT-JEAN-DE-BOURNAY";"38";"ISERE";"AUVERGNE RHONE ALPES";"PME";"2";"1900-01-01";"9220";"TRUE";"FALSE"
96;798901641;"TANGOBAL";"Associations";13090;"AIX-EN-PROVENCE";"13";"BOUCHES DU RHONE";"PROVENCE ALPES COTE D AZUR";NA;"1";"2009-07-13";"9220";"TRUE";"FALSE"
97;16650657;"SACOOP DIJON-RESIDENCE DU CHAMBERTIN";"Cooperative";21000;"DIJON";"21";"COTE D OR";"BOURGOGNE FRANCHE COMTE";"Not_found";"Not_found";"Not_found";"Not_found";"Not_found";"Not_found"
98;341436855;"ASS DEVELOPPEMENT DE L'ERGONOMIE";"Associations";69007;"LYON 7EME";"69";"RHONE";"AUVERGNE RHONE ALPES";"PME";"1";"1987-04-01";"9220";"TRUE";"FALSE"
99;379790348;"ASSOCIATION FOYER LAIQUE ECOLE VENASQUE";"Associations";84210;"VENASQUE";"84";"VAUCLUSE";"PROVENCE ALPES COTE D AZUR";NA;"1";"1990-09-01";"9220";"TRUE";"FALSE"
100;397501701;"ASSOCIATION ARIANE";"Associations";89000;"AUXERRE";"89";"YONNE";"BOURGOGNE FRANCHE COMTE";"PME";"1";"1994-05-18";"9220";"TRUE";"FALSE"
101;407701648;"ROTARY INTERNATIONAL";"Associations";69002;"LYON 2EME";"69";"RHONE";"AUVERGNE RHONE ALPES";NA;"1";"1993-07-01";"9220";"TRUE";"FALSE"
102;441982204;"ARDES PLASTIQUES";"Associations";63420;"APCHAT";"63";"PUY DE DOME";"AUVERGNE RHONE ALPES";NA;"1";"1997-10-07";"9220";"TRUE";"FALSE"
103;433993474;"ORGANIS. DE LA VIE INTERCOMMUNALE VAREZE";"Associations";38122;"MONSTEROUX-MILIEU";"38";"ISERE";"AUVERGNE RHONE ALPES";"PME";"1";"2000-06-14";"9220";"TRUE";"FALSE"
104;453257354;"LO REVISCOL MONTELENC";"Associations";26200;"MONTELIMAR";"26";"DROME";"AUVERGNE RHONE ALPES";NA;"1";"2003-04-08";"9220";"TRUE";"FALSE"
105;488028382;"VETERANS DES ESSAIS NUCLEAIRES";"Associations";69005;"LYON 5EME";"69";"RHONE";"AUVERGNE RHONE ALPES";"PME";"1";"2001-06-11";"9220";"TRUE";"FALSE"
106;490022548;"BOULE JOYEUSE MAZANAISE";"Associations";84380;"MAZAN";"84";"VAUCLUSE";"PROVENCE ALPES COTE D AZUR";NA;"1";"1957-03-27";"9220";"TRUE";"FALSE"
107;508289352;"ASSOCIATION DE DETECTION ET DE PREVENTION DE LA SANTE PAR LE SPORT";"Associations";13004;"MARSEILLE 4";"13";"BOUCHES DU RHONE";"PROVENCE ALPES COTE D AZUR";NA;"1";"2008-03-14";"9220";"TRUE";"FALSE"
108;518521844;"ASSOCIATION SPORTIVE ET D'EDUCATION POPULAIRE DE L'ECOLE PUBLIQUE MOISE LEVY";"Associations";70100;"GRAY";"70";"HAUTE SAONE";"BOURGOGNE FRANCHE COMTE";NA;"1";"1986-11-17";"9220";"TRUE";"FALSE"
109;523647576;"COMPAGNIE MAGUY MARIN";"Associations";69007;"LYON 7EME";"69";"RHONE";"AUVERGNE RHONE ALPES";"PME";"2";"2010-07-05";"9220";"TRUE";"FALSE"
110;751111576;"BLACKBALL BILLARD CLUB BESAYES 26 (BBCB26)";"Associations";26300;"BESAYES";"26";"DROME";"AUVERGNE RHONE ALPES";NA;"1";"2012-03-26";"9220";"TRUE";"FALSE"
111;779490887;"RALLYE DU DRAC";"Associations";38800;"CHAMPAGNIER";"38";"ISERE";"AUVERGNE RHONE ALPES";NA;"1";"1900-01-01";"9220";"TRUE";"FALSE"
112;798903720;"HEURE DU CONTE";"Associations";63380;"PONTAUMUR";"63";"PUY DE DOME";"AUVERGNE RHONE ALPES";NA;"1";"2006-02-10";"9220";"TRUE";"FALSE"
113;38926309;"LACROIX GEORGES CLOS PIERRETTE";"Associations";83200;"TOULON";"83";"VAR";"PROVENCE ALPES COTE D AZUR";"Not_found";"Not_found";"Not_found";"Not_found";"Not_found";"Not_found"
114;341444107;"ANANDA YOGA";"Associations";69600;"OULLINS";"69";"RHONE";"AUVERGNE RHONE ALPES";"PME";"1";"1986-09-30";"9220";"TRUE";"FALSE"
115;379791064;"REGIE DES QUARTIERS DE BELFORT";"Associations";90000;"BELFORT";"90";"TERRITOIRE DE BELFORT";"BOURGOGNE FRANCHE COMTE";"PME";"1";"1990-08-27";"9220";"TRUE";"FALSE"
116;397502741;"ASS LA TERRE N'EST QU'UN SEUL PAYS";"Associations";83400;"HYERES";"83";"VAR";"PROVENCE ALPES COTE D AZUR";NA;"2";"1992-05-01";"9220";"TRUE";"FALSE"
117;407701705;"CROC OREILLE";"Associations";38100;"GRENOBLE";"38";"ISERE";"AUVERGNE RHONE ALPES";NA;"1";"1996-01-17";"9220";"TRUE";"FALSE"
118;441983632;"LE MUY HANDBALL";"Associations";83490;"LE MUY";"83";"VAR";"PROVENCE ALPES COTE D AZUR";NA;"1";"2002-05-01";"9220";"TRUE";"FALSE"
119;433993979;"NEGO SUD TRANSFORMATION";"Cooperative";84470;"CHATEAUNEUF-DE-GADAGNE";"84";"VAUCLUSE";"PROVENCE ALPES COTE D AZUR";"PME";"1";"2001-01-02";"5458";"TRUE";"FALSE"
120;453257370;"JOYEUSE PETANQUE AUXONNAISE";"Associations";21130;"AUXONNE";"21";"COTE D OR";"BOURGOGNE FRANCHE COMTE";NA;"1";"1965-08-20";"9220";"TRUE";"FALSE"
121;488028408;"AZUR PLONGEE";"Associations";83340;"LE CANNET-DES-MAURES";"83";"VAR";"PROVENCE ALPES COTE D AZUR";NA;"1";"2005-03-25";"9220";"TRUE";"FALSE"
122;490022852;"ASS CULTURELLE DE NOTRE DAME DU MONT";"Associations";13006;"MARSEILLE 6";"13";"BOUCHES DU RHONE";"PROVENCE ALPES COTE D AZUR";NA;"1";"2005-08-04";"9220";"TRUE";"FALSE"
123;508289899;"ASSOCIATION CEDRIC GONELLA";"Associations";13400;"AUBAGNE";"13";"BOUCHES DU RHONE";"PROVENCE ALPES COTE D AZUR";NA;"1";"2008-06-16";"9220";"TRUE";"FALSE"
124;518522362;"ISERE CONCEPT ABIMATION";"Associations";38220;"CHOLONGE";"38";"ISERE";"AUVERGNE RHONE ALPES";NA;"1";"2005-05-03";"9220";"TRUE";"FALSE"
125;523652394;"LA MASSAGERE";"Associations";13003;"MARSEILLE 3";"13";"BOUCHES DU RHONE";"PROVENCE ALPES COTE D AZUR";NA;"1";"2010-07-02";"9220";"TRUE";"FALSE"
126;751111584;"AMIS DE LA SAINTE RENCONTRE";"Associations";13013;"MARSEILLE 13";"13";"BOUCHES DU RHONE";"PROVENCE ALPES COTE D AZUR";NA;"1";"2012-02-02";"9220";"TRUE";"FALSE"
127;779491299;"ASS CHAMPFLEURI";"Associations";38190;"LE CHAMP-PRES-FROGES";"38";"ISERE";"AUVERGNE RHONE ALPES";"PME";"1";"1900-01-01";"9220";"TRUE";"FALSE"
128;798903787;"AUTOUR DU LIVRE";"Associations";26290;"LES GRANGES-GONTARDES";"26";"DROME";"AUVERGNE RHONE ALPES";NA;"1";"2000-11-10";"9220";"TRUE";"FALSE"
129;55809578;"IMPRIMERIE NOUVELLE DE MARSEILLE";"Cooperative";13007;"MARSEILLE 7";"13";"BOUCHES DU RHONE";"PROVENCE ALPES COTE D AZUR";"Not_found";"Not_found";"Not_found";"Not_found";"Not_found";"Not_found"
130;341448280;"ASS INSTALL CHAINE GAZ GRAND AVIGNON";"Associations";84000;"AVIGNON";"84";"VAUCLUSE";"PROVENCE ALPES COTE D AZUR";NA;"1";"1987-01-21";"9220";"TRUE";"FALSE"
131;379791932;"COMITE GESTION BASE LIGUE DEPARTEMENT";"Associations";74800;"LA ROCHE-SUR-FORON";"74";"HAUTE SAVOIE";"AUVERGNE RHONE ALPES";NA;"1";"1987-11-01";"9220";"TRUE";"FALSE"
132;397503228;"ASS LA COURTINE";"Associations";69003;"LYON 3EME";"69";"RHONE";"AUVERGNE RHONE ALPES";NA;"1";"1994-06-25";"9220";"TRUE";"FALSE"
133;407701762;"EGLISE EVANGELIQUE DES FRERES DU CREUSOT";"Associations";71200;"LE CREUSOT";"71";"SAONE ET LOIRE";"BOURGOGNE FRANCHE COMTE";NA;"1";"1995-04-27";"9220";"TRUE";"FALSE"
134;441984424;"GYM ET BIEN ETRE GYM VOLONTAIRE";"Associations";43620;"SAINT-ROMAIN-LACHALM";"43";"HAUTE LOIRE";"AUVERGNE RHONE ALPES";"PME";"1";"1990-02-01";"9220";"TRUE";"FALSE"
135;433996741;"ASSOC USAGERS RACCORD. RESEAU ASSAINIS.";"Associations";89310;"PASILLY";"89";"YONNE";"BOURGOGNE FRANCHE COMTE";NA;"1";"2000-06-17";"9220";"TRUE";"FALSE"
136;453257768;"TRIATHLON CLUB MARSEILLE 12";"Associations";13012;"MARSEILLE 12";"13";"BOUCHES DU RHONE";"PROVENCE ALPES COTE D AZUR";NA;"1";"1998-11-18";"9220";"TRUE";"FALSE"
137;488028515;"FONDATION PETZL";"Fondations";38920;"CROLLES";"38";"ISERE";"AUVERGNE RHONE ALPES";"PME";"1";"2006-01-01";"9300";"TRUE";"FALSE"
138;490023223;"COMITE TERRITORIAL VAUCLUSE DE LA FEDERATION FRANCAISE DE LA MONTAGNE ET DE L'ESCALADE";"Associations";84740;"VELLERON";"84";"VAUCLUSE";"PROVENCE ALPES COTE D AZUR";NA;"1";"1988-02-10";"9220";"TRUE";"FALSE"
139;508290400;"FOYER DE LA JEUNESSE DU JONQUET";"Associations";83200;"TOULON";"83";"VAR";"PROVENCE ALPES COTE D AZUR";"PME";"1";"2008-08-13";"9220";"TRUE";"FALSE"
140;510917305;"LES ARTS LES UNS LES AUTRES NATURE ET ROULOTTES";"Associations";13140;"MIRAMAS";"13";"BOUCHES DU RHONE";"PROVENCE ALPES COTE D AZUR";NA;"1";"2008-12-05";"9220";"TRUE";"FALSE"
141;523652501;"COMITE D ORGANISATION DE LA 67E SESSION INTER DU PARLEMENT EUROPEEN DES JEUNES";"Associations";38000;"GRENOBLE";"38";"ISERE";"AUVERGNE RHONE ALPES";NA;"1";"2009-12-03";"9220";"TRUE";"FALSE"
142;751111972;"ASSO ENSUENENNE DE SOUTIEN AU COMITE COMMUNAL FEUX DE FORET D ENSUES LA REDONNE";"Associations";13820;"ENSUES-LA-REDONNE";"13";"BOUCHES DU RHONE";"PROVENCE ALPES COTE D AZUR";NA;"1";"1988-05-26";"9220";"TRUE";"FALSE"
143;779491315;"CHAMPFLEURI";"Associations";38190;"LE CHAMP-PRES-FROGES";"38";"ISERE";"AUVERGNE RHONE ALPES";NA;"1";"1900-01-01";"9220";"TRUE";"FALSE"
144;798903795;"LES AMIS D ESPALADOUS";"Associations";43260;"SAINT-PIERRE-EYNAC";"43";"HAUTE LOIRE";"AUVERGNE RHONE ALPES";"PME";"1";"2013-10-12";"9220";"TRUE";"FALSE"
145;55810501;"RESIDENCE MARITIME SOC IMMOBIL";"Cooperative";13001;"MARSEILLE 1";"13";"BOUCHES DU RHONE";"PROVENCE ALPES COTE D AZUR";"Not_found";"Not_found";"Not_found";"Not_found";"Not_found";"Not_found"
146;341448801;"ASS ARCHIVES FILM EXPERIMENTAL AVIGNON";"Associations";84000;"AVIGNON";"84";"VAUCLUSE";"PROVENCE ALPES COTE D AZUR";NA;"1";"1977-12-01";"9220";"TRUE";"FALSE"
147;379793474;"ASS SAUVEGARDE DES SITES ET CADRE DE VIE";"Associations";26130;"MONTSEGUR-SUR-LAUZON";"26";"DROME";"AUVERGNE RHONE ALPES";NA;"1";"1990-07-01";"9220";"TRUE";"FALSE"
148;397503574;"SERVICE PROXIMITE PLUS";"Associations";69270;"FONTAINES-SUR-SAONE";"69";"RHONE";"AUVERGNE RHONE ALPES";NA;"1";"1994-05-24";"9220";"TRUE";"FALSE"
149;407702133;"ASS DES COPROPRIETAIRE CROIX DU PATRE";"Associations";38400;"SAINT MARTIN D'HERES";"38";"ISERE";"AUVERGNE RHONE ALPES";NA;"1";"1996-03-26";"9220";"TRUE";"FALSE"
150;441987583;"CUMA DU BEAUFORTAIN";"Cooperative";73270;"BEAUFORT";"73";"SAVOIE";"AUVERGNE RHONE ALPES";"PME";"1";"1971-10-19";"6316";"TRUE";"FALSE"
151;433996899;"RUGBY CLUB CELLES LES SARRAIX";"Associations";63250;"CELLES-SUR-DUROLLE";"63";"PUY DE DOME";"AUVERGNE RHONE ALPES";NA;"1";"1996-07-09";"9220";"TRUE";"FALSE"
152;453258089;"ASSOCIATION DE GYMNASTIQUE LA BEAUNOISE";"Associations";21200;"BEAUNE";"21";"COTE D OR";"BOURGOGNE FRANCHE COMTE";"PME";"1";"1967-08-13";"9220";"TRUE";"FALSE"
153;488028622;"COMITE DPTAL 83 FEDERATION SPORTIVE POLICE FRANCAISE";"Associations";83190;"OLLIOULES";"83";"VAR";"PROVENCE ALPES COTE D AZUR";NA;"1";"2005-09-20";"9220";"TRUE";"FALSE"
154;490023470;"ASSOCIATION ART ET DEVOTION";"Associations";43000;"LE PUY-EN-VELAY";"43";"HAUTE LOIRE";"AUVERGNE RHONE ALPES";NA;"1";"2003-04-23";"9220";"TRUE";"FALSE"
155;500063425;"LE COMMERCE MUROIS";"Associations";38350;"LA MURE";"38";"ISERE";"AUVERGNE RHONE ALPES";NA;"1";"2003-05-28";"9220";"TRUE";"FALSE"
156;510917651;"LEONARD ET SES AMIS";"Associations";13090;"AIX-EN-PROVENCE";"13";"BOUCHES DU RHONE";"PROVENCE ALPES COTE D AZUR";NA;"1";"2007-02-26";"9220";"TRUE";"FALSE"
157;523652618;"LA CANNE COMPSOISE";"Associations";83840;"COMPS-SUR-ARTUBY";"83";"VAR";"PROVENCE ALPES COTE D AZUR";NA;"1";"1951-07-06";"9220";"TRUE";"FALSE"
158;751112103;"ASS MONTGIROTAINE LOU Z'EFANTS DE MONTZOU";"Associations";73210;"AIME-LA-PLAGNE";"73";"SAVOIE";"AUVERGNE RHONE ALPES";NA;"1";"2008-07-07";"9220";"TRUE";"FALSE"
159;779491554;"UNION SPORTIVE JARRIE CHAMP BASKET BALL";"Associations";38560;"CHAMP-SUR-DRAC";"38";"ISERE";"AUVERGNE RHONE ALPES";"PME";"1";"1900-01-01";"9220";"TRUE";"FALSE"
160;798903886;"NIHAO LYON";"Associations";69007;"LYON 7EME";"69";"RHONE";"AUVERGNE RHONE ALPES";"PME";"1";"2013-10-31";"9220";"TRUE";"FALSE"
161;56806516;"COOP OUV SUD EST BAT ET T P";"Cooperative";13010;"MARSEILLE 10";"13";"BOUCHES DU RHONE";"PROVENCE ALPES COTE D AZUR";"Not_found";"Not_found";"Not_found";"Not_found";"Not_found";"Not_found"
162;341450690;"MARSEILLE GESTION";"Associations";13001;"MARSEILLE 1";"13";"BOUCHES DU RHONE";"PROVENCE ALPES COTE D AZUR";"PME";"1";"1986-02-07";"9220";"TRUE";"FALSE"
163;379793870;"FESTIVAL INTERNATIONAL DE GUITARE";"Associations";26200;"MONTELIMAR";"26";"DROME";"AUVERGNE RHONE ALPES";"PME";"1";"1990-09-01";"9220";"TRUE";"FALSE"
164;397506601;"ASSOCIATION LES AMIS DE LA COLLEGIALE";"Associations";89380;"APPOIGNY";"89";"YONNE";"BOURGOGNE FRANCHE COMTE";NA;"1";"1994-04-01";"9220";"TRUE";"FALSE"
165;407702604;"ASS AMENA DEVELOP AGRICUL REGION ST ETIE";"Associations";42270;"SAINT-PRIEST-EN-JAREZ";"42";"LOIRE";"AUVERGNE RHONE ALPES";NA;"1";"1995-09-29";"9220";"TRUE";"FALSE"
166;441988375;"ASSOCIATION ATELIER CREATION REDAN'";"Associations";13600;"LA CIOTAT";"13";"BOUCHES DU RHONE";"PROVENCE ALPES COTE D AZUR";NA;"1";"2002-04-02";"9220";"TRUE";"FALSE"
167;434002341;"IMAJE SANTE";"Associations";13001;"MARSEILLE 1";"13";"BOUCHES DU RHONE";"PROVENCE ALPES COTE D AZUR";"PME";"1";"1999-09-16";"9220";"TRUE";"FALSE"
168;453258196;"NOLAY 2000 PETANQUE";"Associations";21340;"NOLAY";"21";"COTE D OR";"BOURGOGNE FRANCHE COMTE";NA;"1";"2001-01-15";"9220";"TRUE";"FALSE"
169;488028820;"SEMAILLES 83";"Associations";83600;"FREJUS";"83";"VAR";"PROVENCE ALPES COTE D AZUR";"PME";"1";"2005-06-06";"9220";"TRUE";"FALSE"
170;490024353;"ASSOCIATION SPORTIVE AUTOMOBILE MEDITERRANEE";"Associations";84000;"AVIGNON";"84";"VAUCLUSE";"PROVENCE ALPES COTE D AZUR";NA;"1";"1967-10-10";"9220";"TRUE";"FALSE"
171;500063474;"ASSOCIATION CALVIDYS";"Associations";20260;"CALVI";"2B";"HAUTE CORSE";"CORSE";"PME";"1";"2007-08-03";"9220";"TRUE";"FALSE"
172;510917677;"CENTRE READAPTATION FONCTIONNELLE DE VALMANTE CLUB HANDISPORT VALMANTAIS";"Associations";13009;"MARSEILLE 9";"13";"BOUCHES DU RHONE";"PROVENCE ALPES COTE D AZUR";NA;"1";"2008-09-25";"9220";"TRUE";"FALSE"
173;523652709;"LES AMIS DE L ECOLE LAIQUE";"Associations";39200;"SAINT-CLAUDE";"39";"JURA";"BOURGOGNE FRANCHE COMTE";NA;"1";"1947-05-27";"9220";"TRUE";"FALSE"
174;751112137;"ASSO LOCALE POUR LE CULTE DES TEMOINS DE JEHOVAH DE CALVI";"Associations";20220;"AREGNO";"2B";"HAUTE CORSE";"CORSE";NA;"1";"1994-07-22";"9220";"TRUE";"FALSE"
175;779491596;"F N A C A";"Associations";38560;"CHAMP-SUR-DRAC";"38";"ISERE";"AUVERGNE RHONE ALPES";NA;"1";"1900-01-01";"9220";"TRUE";"FALSE"
176;798904108;"COPAITON";"Associations";73220;"AITON";"73";"SAVOIE";"AUVERGNE RHONE ALPES";NA;"1";"2005-07-05";"9220";"TRUE";"FALSE"
177;56810187;"LA BETHELINE";"Associations";13013;"MARSEILLE 13";"13";"BOUCHES DU RHONE";"PROVENCE ALPES COTE D AZUR";"Not_found";"Not_found";"Not_found";"Not_found";"Not_found";"Not_found"
178;341452522;"UNION DE COOPERATIVES AGRICOLES BRIENON CHABLIS";"Cooperative";89330;"SAINT-JULIEN-DU-SAULT";"89";"YONNE";"BOURGOGNE FRANCHE COMTE";"PME";"1";"1987-06-11";"6318";"TRUE";"FALSE"
179;379793920;"HAPPY MUSIC";"Associations";26300;"CHATUZANGE-LE-GOUBET";"26";"DROME";"AUVERGNE RHONE ALPES";NA;"1";"1990-04-01";"9220";"TRUE";"FALSE"
180;397510280;"SYNERGIE ANIMA AGENT TITULAI YONNE REGIO";"Associations";89700;"TONNERRE";"89";"YONNE";"BOURGOGNE FRANCHE COMTE";NA;"1";"1994-05-17";"9220";"TRUE";"FALSE"
181;407704287;"ASS ENTENTE SKI SPORTS ET SENTIERS";"Associations";25140;"FOURNET-BLANCHEROCHE";"25";"DOUBS";"BOURGOGNE FRANCHE COMTE";NA;"1";"1995-12-27";"9220";"TRUE";"FALSE"
182;441989191;"TENNIS CLUB DE SAINT CANNAT";"Associations";13760;"SAINT-CANNAT";"13";"BOUCHES DU RHONE";"PROVENCE ALPES COTE D AZUR";"PME";"1";"1978-06-26";"9220";"TRUE";"FALSE"
183;434003216;"COMITE DE CHOMEURS CGT DU BASSIN MINIER";"Associations";63570;"BRASSAC-LES-MINES";"63";"PUY DE DOME";"AUVERGNE RHONE ALPES";NA;"1";"2000-12-02";"9220";"TRUE";"FALSE"
184;453258519;"APPEL A LA SOLIDARITE ET A L'INSERTION";"Associations";13014;"MARSEILLE 14";"13";"BOUCHES DU RHONE";"PROVENCE ALPES COTE D AZUR";NA;"1";"2001-03-29";"9220";"TRUE";"FALSE"
185;488029877;"TORERIA";"Associations";13150;"TARASCON";"13";"BOUCHES DU RHONE";"PROVENCE ALPES COTE D AZUR";NA;"1";"2001-12-27";"9220";"TRUE";"FALSE"
186;490024551;"ASSOC DE COORDINATION USEP VAL D'ALLIER SUD";"Associations";63340;"LE BREUIL-SUR-COUZE";"63";"PUY DE DOME";"AUVERGNE RHONE ALPES";NA;"1";"2006-02-21";"9220";"TRUE";"FALSE"
187;500063656;"LES CHIENS-GUIDES D'AVEUGLES DE DROME-ARDECHE ANTENNE ECOLE PIERRE AICARD EZE-NICE";"Associations";26000;"VALENCE";"26";"DROME";"AUVERGNE RHONE ALPES";NA;"1";"1994-06-12";"9220";"TRUE";"FALSE"
188;510917768;"COM FETES JEUNESSE SPORTS CULTURE TOURISME";"Associations";84290;"SAINTE-CECILE-LES-VIGNES";"84";"VAUCLUSE";"PROVENCE ALPES COTE D AZUR";NA;"1";"1963-11-07";"9220";"TRUE";"FALSE"
189;523653343;"CHORALE DE MANIGOD L ECHO DU MONT CHARVIN";"Associations";74230;"MANIGOD";"74";"HAUTE SAVOIE";"AUVERGNE RHONE ALPES";NA;"1";"1979-10-03";"9220";"TRUE";"FALSE"
190;751112277;"ASSOCIATION DES ANCIENS ELEVES DE LING DAO (A.A.E. LING DAO)";"Associations";83220;"LE PRADET";"83";"VAR";"PROVENCE ALPES COTE D AZUR";NA;"1";"2011-05-04";"9220";"TRUE";"FALSE"
191;779492024;"GRPT PROD FRUITS REGION CHANAS";"Cooperative";38150;"CHANAS";"38";"ISERE";"AUVERGNE RHONE ALPES";NA;"1";"1900-01-01";"6317";"TRUE";"FALSE"
192;798904553;"CLUB AMITIES PONTOISES";"Associations";38480;"LE PONT-DE-BEAUVOISIN";"38";"ISERE";"AUVERGNE RHONE ALPES";NA;"1";"2012-02-07";"9220";"TRUE";"FALSE"
193;57506198;"PROCIVIS ALPES-DAUPHINE";"Cooperative";38500;"VOIRON";"38";"ISERE";"AUVERGNE RHONE ALPES";"Not_found";"Not_found";"Not_found";"Not_found";"Not_found";"Not_found"
194;341454692;"OFFICE MUNICIPAL DES SPORTS";"Associations";63000;"CLERMONT-FERRAND";"63";"PUY DE DOME";"AUVERGNE RHONE ALPES";"PME";"2";"1987-06-01";"9220";"TRUE";"FALSE"
195;379795107;"SAUVEGARDE PATRIMOINE CULTUREL BASTIAIS";"Associations";20200;"BASTIA";"2B";"HAUTE CORSE";"CORSE";"PME";"1";"1990-06-01";"9220";"TRUE";"FALSE"
196;397518903;"MONTELIMAR TENNIS CLUB";"Associations";26200;"MONTELIMAR";"26";"DROME";"AUVERGNE RHONE ALPES";"PME";"1";"1994-03-07";"9220";"TRUE";"FALSE"
197;407704352;"FAMILIALE LAIQUE DE VIENNE";"Associations";38780;"PONT-EVEQUE";"38";"ISERE";"AUVERGNE RHONE ALPES";"PME";"1";"1993-05-01";"9220";"TRUE";"FALSE"
198;441989209;"APEL MARSEILLE";"Associations";13005;"MARSEILLE 5";"13";"BOUCHES DU RHONE";"PROVENCE ALPES COTE D AZUR";"PME";"1";"1999-03-08";"9220";"TRUE";"FALSE"
199;434006938;"AMICALE SAPEURS POMPIERS";"Associations";63320;"CHAMPEIX";"63";"PUY DE DOME";"AUVERGNE RHONE ALPES";NA;"1";"2000-12-02";"9220";"TRUE";"FALSE"
200;453258766;"ASSOCIATION LES CLASSES DE CHANDON";"Associations";42190;"CHANDON";"42";"LOIRE";"AUVERGNE RHONE ALPES";NA;"1";"1998-03-27";"9220";"TRUE";"FALSE"
201;488032210;"ASS LA FERME DU TADORNE";"Associations";13230;"PORT-SAINT-LOUIS-DU-RHONE";"13";"BOUCHES DU RHONE";"PROVENCE ALPES COTE D AZUR";"PME";"1";"2001-05-17";"9220";"TRUE";"FALSE"
202;490024858;"ASA VAISONNAISE";"Associations";84110;"VAISON-LA-ROMAINE";"84";"VAUCLUSE";"PROVENCE ALPES COTE D AZUR";NA;"1";"2004-03-26";"9220";"TRUE";"FALSE"
203;500063987;"SPELEO CLUB DE MARSEILLE";"Associations";13001;"MARSEILLE 1";"13";"BOUCHES DU RHONE";"PROVENCE ALPES COTE D AZUR";NA;"1";"1959-04-06";"9220";"TRUE";"FALSE"
204;510917792;"LA BOULE DOREE";"Associations";84840;"LAPALUD";"84";"VAUCLUSE";"PROVENCE ALPES COTE D AZUR";NA;"1";"1992-01-09";"9220";"TRUE";"FALSE"
205;523654366;"ASSOCIATION JUDO LYON 1";"Associations";69001;"LYON 1ER";"69";"RHONE";"AUVERGNE RHONE ALPES";"PME";"1";"2006-08-31";"9220";"TRUE";"FALSE"
206;751112434;"INGENIEUR SANS FRONTIERES GROUPE DU PAYS D AIX";"Associations";13120;"GARDANNE";"13";"BOUCHES DU RHONE";"PROVENCE ALPES COTE D AZUR";NA;"1";"2011-04-20";"9220";"TRUE";"FALSE"
207;779492453;"AMICALE DES SAPEURS POMPIERS";"Associations";38530;"CHAPAREILLAN";"38";"ISERE";"AUVERGNE RHONE ALPES";NA;"1";"1997-12-25";"9220";"TRUE";"FALSE"
208;798905055;"COMITE DES FOIRES DE MONTPONT EN BRESSE";"Associations";71470;"MONTPONT-EN-BRESSE";"71";"SAONE ET LOIRE";"BOURGOGNE FRANCHE COMTE";NA;"1";"1991-04-29";"9220";"TRUE";"FALSE"
209;57812430;"AMATEURS BILLARD ECHECS";"Associations";13001;"MARSEILLE 1";"13";"BOUCHES DU RHONE";"PROVENCE ALPES COTE D AZUR";"Not_found";"Not_found";"Not_found";"Not_found";"Not_found";"Not_found"
210;341458081;"COMITE DEPART DU JURA DE CANOE KAYAK";"Associations";39100;"DOLE";"39";"JURA";"BOURGOGNE FRANCHE COMTE";"PME";"1";"1987-05-22";"9220";"TRUE";"FALSE"
211;379795131;"ECOLE DE MUSIQUE VINCENT D'INDY";"Associations";69720;"SAINT-LAURENT-DE-MURE";"69";"RHONE";"AUVERGNE RHONE ALPES";"PME";"1";"1990-05-30";"9220";"TRUE";"FALSE"
212;397518945;"LES AMIS DE LEONCEL";"Associations";26190;"LEONCEL";"26";"DROME";"AUVERGNE RHONE ALPES";NA;"1";"1994-06-15";"9220";"TRUE";"FALSE"
213;407705680;"BODY BUILDING STARS";"Associations";42100;"SAINT-ETIENNE";"42";"LOIRE";"AUVERGNE RHONE ALPES";NA;"1";"1996-06-01";"9220";"TRUE";"FALSE"
214;441989399;"CAMARGUE DECOUVERTE EQUESTRE";"Associations";13230;"PORT-SAINT-LOUIS-DU-RHONE";"13";"BOUCHES DU RHONE";"PROVENCE ALPES COTE D AZUR";NA;"1";"2002-04-11";"9220";"TRUE";"FALSE"
215;434007027;"SI FETE AUVERGNATE";"Associations";63210;"ROCHEFORT-MONTAGNE";"63";"PUY DE DOME";"AUVERGNE RHONE ALPES";NA;"1";"2000-08-06";"9220";"TRUE";"FALSE"
216;453259277;"FENAY CLUB PETANQUE";"Associations";21600;"FENAY";"21";"COTE D OR";"BOURGOGNE FRANCHE COMTE";NA;"1";"1989-01-05";"9220";"TRUE";"FALSE"
217;488032335;"ASS KILA";"Associations";83260;"LA CRAU";"83";"VAR";"PROVENCE ALPES COTE D AZUR";NA;"1";"2005-05-16";"9220";"TRUE";"FALSE"
218;490025111;"ASSO CULTURELLE DU MEMORIAL";"Associations";20000;"AJACCIO";"2A";"CORSE DU SUD";"CORSE";NA;"1";"1977-09-05";"9220";"TRUE";"FALSE"
219;500064068;"ASS DES COMMERCANTS ARTISANS DE VALENCIN";"Associations";38540;"VALENCIN";"38";"ISERE";"AUVERGNE RHONE ALPES";NA;"1";"2003-07-28";"9220";"TRUE";"FALSE"
220;510918329;"L ESCAPADO DE GEMO";"Associations";13420;"GEMENOS";"13";"BOUCHES DU RHONE";"PROVENCE ALPES COTE D AZUR";NA;"1";"2007-03-13";"9220";"TRUE";"FALSE"
221;523658813;"EDITIONS LES CAHIERS";"Associations";70300;"MEURCOURT";"70";"HAUTE SAONE";"BOURGOGNE FRANCHE COMTE";NA;"1";"2009-11-05";"9220";"TRUE";"FALSE"
222;751112491;"REGARD AU FEMININ";"Associations";74000;"ANNECY";"74";"HAUTE SAVOIE";"AUVERGNE RHONE ALPES";NA;"1";"2012-03-27";"9220";"TRUE";"FALSE"
223;779492651;"ASSOCIATION DES CHASSEURS";"Associations";38580;"LA CHAPELLE-DU-BARD";"38";"ISERE";"AUVERGNE RHONE ALPES";NA;"1";"1900-01-01";"9220";"TRUE";"FALSE"
224;798906111;"ASSOCIATION PASSAGES RHONE-ALPES";"Associations";69600;"OULLINS";"69";"RHONE";"AUVERGNE RHONE ALPES";NA;"1";"2011-12-23";"9220";"TRUE";"FALSE"
225;57817314;"OGEC CHEVREUL DE LA BLANCARDE";"Associations";13004;"MARSEILLE 4";"13";"BOUCHES DU RHONE";"PROVENCE ALPES COTE D AZUR";"Not_found";"Not_found";"Not_found";"Not_found";"Not_found";"Not_found"
226;341461853;"COMITE DES FETES DE LAVARS";"Associations";38710;"LAVARS";"38";"ISERE";"AUVERGNE RHONE ALPES";NA;"1";"1987-03-26";"9220";"TRUE";"FALSE"
227;379795206;"FOLA FULETTA";"Associations";20200;"BASTIA";"2B";"HAUTE CORSE";"CORSE";NA;"1";"1990-10-01";"9220";"TRUE";"FALSE"
228;397521287;"TEAM THIERS MOTO";"Associations";63250;"CELLES-SUR-DUROLLE";"63";"PUY DE DOME";"AUVERGNE RHONE ALPES";NA;"1";"1994-04-01";"9220";"TRUE";"FALSE"
229;407708304;"AMICALE AMIS LAC DE ST POINT LAMARTINE";"Associations";71520;"SAINT-POINT";"71";"SAONE ET LOIRE";"BOURGOGNE FRANCHE COMTE";NA;"1";"1996-05-01";"9220";"TRUE";"FALSE"
230;441990041;"PASSION MUSIC";"Associations";13006;"MARSEILLE 6";"13";"BOUCHES DU RHONE";"PROVENCE ALPES COTE D AZUR";NA;"1";"2002-04-08";"9220";"TRUE";"FALSE"
231;434007167;"MUTUELLE PETITE ENFANCE";"Mutuelles";69850;"SAINT-MARTIN-EN-HAUT";"69";"RHONE";"AUVERGNE RHONE ALPES";"PME";"1";"2000-09-26";"8210";"TRUE";"FALSE"
232;453259608;"LE HAMEAU DU COUCHANT";"Associations";26160;"LA BEGUDE-DE-MAZENC";"26";"DROME";"AUVERGNE RHONE ALPES";NA;"1";"2003-09-18";"9220";"TRUE";"FALSE"
233;488032897;"OEUVRONS POUR L EDUCATION DE NOS ENFANTS";"Associations";26700;"PIERRELATTE";"26";"DROME";"AUVERGNE RHONE ALPES";"PME";"1";"2005-12-05";"9220";"TRUE";"FALSE"
234;491668729;"COMITE DES FETES DE MONSOLS";"Associations";69860;"DEUX-GROSNES";"69";"RHONE";"AUVERGNE RHONE ALPES";NA;"1";"1966-12-20";"9220";"TRUE";"FALSE"
235;500064498;"ASS DES AMIS DE LA BIBLIOTHEQUE MUNICIPALE ET SCOLAIRE";"Associations";38114;"ALLEMOND";"38";"ISERE";"AUVERGNE RHONE ALPES";NA;"1";"1992-01-27";"9220";"TRUE";"FALSE"
236;510918766;"L'EMBELLIE";"Associations";21110;"TART";"21";"COTE D OR";"BOURGOGNE FRANCHE COMTE";NA;"1";"2008-04-02";"9220";"TRUE";"FALSE"
237;523660199;"CHAUMIERE DES SAVEURS ET DE L'ARTISANAT DE MOUDEYRES";"Associations";43150;"MOUDEYRES";"43";"HAUTE LOIRE";"AUVERGNE RHONE ALPES";"PME";"1";"2010-06-25";"9220";"TRUE";"FALSE"
238;751112673;"COMITE DES FETES DE ST JULIEN SUR DHEUNE";"Associations";71210;"SAINT-JULIEN-SUR-DHEUNE";"71";"SAONE ET LOIRE";"BOURGOGNE FRANCHE COMTE";NA;"1";"2012-02-07";"9220";"TRUE";"FALSE"
239;779492701;"AMICALE DES SAPEURS POMPIERS";"Associations";38580;"LA CHAPELLE-DU-BARD";"38";"ISERE";"AUVERGNE RHONE ALPES";NA;"1";"1900-01-01";"9220";"TRUE";"FALSE"
240;798906186;"LA BOURGOGNEUSE INTERNATIONALE D'ENCADREMENT D'ENTRAIDE ET D'ASSISTANCE";"Associations";21000;"DIJON";"21";"COTE D OR";"BOURGOGNE FRANCHE COMTE";NA;"1";"2013-05-06";"9220";"TRUE";"FALSE"
241;57821043;"ASSOCIATION L'HIRONDELLE";"Associations";13007;"MARSEILLE 7";"13";"BOUCHES DU RHONE";"PROVENCE ALPES COTE D AZUR";"Not_found";"Not_found";"Not_found";"Not_found";"Not_found";"Not_found"
242;335014205;"CONSEIL LOCAL PARENTS TAUVES";"Associations";63690;"TAUVES";"63";"PUY DE DOME";"AUVERGNE RHONE ALPES";NA;"1";"1986-01-13";"9220";"TRUE";"FALSE"
243;379795412;"UNION REGIONALE COIFFURE CORSE";"Associations";20200;"BASTIA";"2B";"HAUTE CORSE";"CORSE";"PME";"1";"1987-01-02";"9220";"TRUE";"FALSE"
244;397521980;"THEATRE OMBRE ET LUMIERE";"Associations";63000;"CLERMONT-FERRAND";"63";"PUY DE DOME";"AUVERGNE RHONE ALPES";"PME";"1";"1994-06-01";"9220";"TRUE";"FALSE"
245;407709203;"LES AMIS DU CHATEAU DE DREE";"Associations";71800;"CURBIGNY";"71";"SAONE ET LOIRE";"BOURGOGNE FRANCHE COMTE";"PME";"1";"1996-05-20";"9220";"TRUE";"FALSE"
246;441991197;"TEAM MERMILLOD TRIATHLON";"Associations";74000;"ANNECY";"74";"HAUTE SAVOIE";"AUVERGNE RHONE ALPES";NA;"1";"2001-01-11";"9220";"TRUE";"FALSE"
247;434007605;"LOCALE D AMATEURS";"Associations";20137;"LECCI";"2A";"CORSE DU SUD";"CORSE";"PME";"1";"2000-12-20";"9220";"TRUE";"FALSE"
248;453259665;"ATELIER SELON TOI";"Associations";69430;"LANTIGNIE";"69";"RHONE";"AUVERGNE RHONE ALPES";"PME";"1";"2004-03-16";"9220";"TRUE";"FALSE"
249;488033127;"PRIME TIME AGENCY";"Associations";13860;"PEYROLLES-EN-PROVENCE";"13";"BOUCHES DU RHONE";"PROVENCE ALPES COTE D AZUR";NA;"1";"2005-10-18";"9220";"TRUE";"FALSE"
250;491668745;"AMICALE DE LA QUIETUDE";"Associations";73330;"LE PONT-DE-BEAUVOISIN";"73";"SAVOIE";"AUVERGNE RHONE ALPES";NA;"1";"1994-01-05";"9220";"TRUE";"FALSE"
251;500064639;"ASSOCIATION DES COMMERCANTS ET ARTISANS CLARY SAINT-LAZARE PELLETAN";"Associations";13003;"MARSEILLE 3";"13";"BOUCHES DU RHONE";"PROVENCE ALPES COTE D AZUR";NA;"1";"1996-07-18";"9220";"TRUE";"FALSE"
252;510918881;"FORMATION EDUCATION ENSEIGNEMENT SERVICES";"Associations";38120;"SAINT-EGREVE";"38";"ISERE";"AUVERGNE RHONE ALPES";NA;"1";"2009-01-12";"9220";"TRUE";"FALSE"
253;523660249;"COLLECTIF COIN";"Associations";38100;"GRENOBLE";"38";"ISERE";"AUVERGNE RHONE ALPES";"PME";"1";"2006-05-17";"9220";"TRUE";"FALSE"
254;751112855;"COLLECTIF CERAMIQUE DE SAINT AMAND EN PUISAYE";"Associations";58310;"SAINT-AMAND-EN-PUISAYE";"58";"NIEVRE";"BOURGOGNE FRANCHE COMTE";NA;"1";"2011-05-04";"9220";"TRUE";"FALSE"
255;779492727;"CUMA DE CHARANCIEU";"Cooperative";38490;"CHARANCIEU";"38";"ISERE";"AUVERGNE RHONE ALPES";NA;"1";"1900-01-01";"6316";"TRUE";"FALSE"
256;798906541;"ASSOCIATION DES PROPRIETAIRES DES EAUX D'ORELLE";"Associations";69330;"MEYZIEU";"69";"RHONE";"AUVERGNE RHONE ALPES";NA;"1";"2010-01-18";"9220";"TRUE";"FALSE"
257;58801283;"SOCIETE ANONYME COOPERATIVE D'INTERET COLLECTIF POUR L'ACCESSION A LA PROPRIETE DE PROVENCE - SACICAP DE PROVENCE";"Cooperative";13006;"MARSEILLE 6";"13";"BOUCHES DU RHONE";"PROVENCE ALPES COTE D AZUR";"Not_found";"Not_found";"Not_found";"Not_found";"Not_found";"Not_found"
258;335014437;"ASSOC GESTION ETABL AGRICOLE";"Associations";58800;"CORBIGNY";"58";"NIEVRE";"BOURGOGNE FRANCHE COMTE";NA;"1";"1986-03-13";"9220";"TRUE";"FALSE"
259;379798382;"BEPA RHONE ALPES";"Associations";69500;"BRON";"69";"RHONE";"AUVERGNE RHONE ALPES";"PME";"1";"1990-07-04";"9220";"TRUE";"FALSE"
260;397522434;"ASSOC POUR RESTAURATION VILLAGE RODDIER";"Associations";63550;"SAINT-VICTOR-MONTVIANEIX";"63";"PUY DE DOME";"AUVERGNE RHONE ALPES";NA;"1";"1994-06-01";"9220";"TRUE";"FALSE"
261;407710219;"OBSERVATOIRE INTERNATIONAL POUR LA NON VIOLENCE - COMMUNE NATION POUR LA PAIX";"Associations";13006;"MARSEILLE 6";"13";"BOUCHES DU RHONE";"PROVENCE ALPES COTE D AZUR";"PME";"1";"1995-06-15";"9220";"TRUE";"FALSE"
262;441991643;"CERCLE CULTUREL MEDITERRANEEN";"Associations";13001;"MARSEILLE 1";"13";"BOUCHES DU RHONE";"PROVENCE ALPES COTE D AZUR";"PME";"1";"2001-07-09";"9220";"TRUE";"FALSE"
263;434009809;"DELAMAGIE";"Associations";74440;"VERCHAIX";"74";"HAUTE SAVOIE";"AUVERGNE RHONE ALPES";NA;"1";"2000-12-11";"9220";"TRUE";"FALSE"
264;453259848;"FEDERATION DES MUSEES AU PAYS DE COURBET";"Associations";25930;"LODS";"25";"DOUBS";"BOURGOGNE FRANCHE COMTE";NA;"1";"2003-12-16";"9220";"TRUE";"FALSE"
265;488033622;"LA MISE AU POINT";"Associations";89190;"VILLENEUVE L'ARCHEVEQUE";"89";"YONNE";"BOURGOGNE FRANCHE COMTE";NA;"1";"2005-03-23";"9220";"TRUE";"FALSE"
266;491668802;"G.E.I.Q TRANSPORT-AVENIR EMPLOI RHONE ALPES";"Associations";69800;"SAINT-PRIEST";"69";"RHONE";"AUVERGNE RHONE ALPES";"PME";"1";"2006-06-09";"9223";"TRUE";"FALSE"
267;500064696;"ASSOCIATION DE SAUVEGARDE DE L'HERITAGE MILITAIRE DE BOURGOGNE";"Associations";21200;"BEAUNE";"21";"COTE D OR";"BOURGOGNE FRANCHE COMTE";NA;"1";"2003-03-28";"9220";"TRUE";"FALSE"
268;510918972;"GENEAMIDI";"Associations";38500;"VOIRON";"38";"ISERE";"AUVERGNE RHONE ALPES";NA;"1";"2009-01-09";"9220";"TRUE";"FALSE"
269;523660256;"CHAMONIX COSMO JAZZ FESTIVAL";"Associations";74400;"CHAMONIX-MONT-BLANC";"74";"HAUTE SAVOIE";"AUVERGNE RHONE ALPES";"PME";"1";"2010-06-07";"9220";"TRUE";"FALSE"
270;751112947;"ASS SPORTIVE BESANCON MOBILITES";"Associations";25720;"AVANNE-AVENEY";"25";"DOUBS";"BOURGOGNE FRANCHE COMTE";NA;"1";"2011-08-10";"9220";"TRUE";"FALSE"
271;779493048;"SKI CLUB DU TOUR DU LAC";"Associations";38850;"CHARAVINES";"38";"ISERE";"AUVERGNE RHONE ALPES";NA;"1";"1900-01-01";"9220";"TRUE";"FALSE"
272;798906558;"LA TRUITE DE L'AGNY";"Associations";38300;"LES EPARRES";"38";"ISERE";"AUVERGNE RHONE ALPES";NA;"1";"2012-02-01";"9220";"TRUE";"FALSE"
273;58803008;"SYNDICAT INDUSTRIE MEUNIERE";"Associations";13009;"MARSEILLE 9";"13";"BOUCHES DU RHONE";"PROVENCE ALPES COTE D AZUR";"Not_found";"Not_found";"Not_found";"Not_found";"Not_found";"Not_found"
274;335034948;"CENTRES D ENTRAINEMENT AUX METHODES D EDUCATION ACTIVE PROVENCE ALPES COTE D AZUR";"Associations";13007;"MARSEILLE 7";"13";"BOUCHES DU RHONE";"PROVENCE ALPES COTE D AZUR";"PME";"1";"1986-01-15";"9220";"TRUE";"FALSE"
275;379800451;"ASSOCIATION FOYER RURAL";"Associations";84360;"LAURIS";"84";"VAUCLUSE";"PROVENCE ALPES COTE D AZUR";"PME";"1";"1966-10-01";"9220";"TRUE";"FALSE"
276;397526385;"TENNIS CLUB DE SCIEZ MASSONGY";"Associations";74140;"SCIEZ";"74";"HAUTE SAVOIE";"AUVERGNE RHONE ALPES";"PME";"1";"1994-06-18";"9220";"TRUE";"FALSE"
277;407715325;"DU COTE D'LA CHANSON";"Associations";69410;"CHAMPAGNE AU MONT D'OR";"69";"RHONE";"AUVERGNE RHONE ALPES";NA;"1";"1996-06-07";"9220";"TRUE";"FALSE"
278;441994654;"ASSOCIATIONS DES AMIS DU BLE D OR";"Associations";21110;"MARLIENS";"21";"COTE D OR";"BOURGOGNE FRANCHE COMTE";NA;"1";"1992-05-02";"9220";"TRUE";"FALSE"
279;434010021;"LIGUE RHONE ALPES SKI NAUTIQUE";"Associations";38300;"BOURGOIN-JALLIEU";"38";"ISERE";"AUVERGNE RHONE ALPES";"PME";"1";"1999-04-15";"9220";"TRUE";"FALSE"
280;453260085;"LA MAISON QUI CHANTE";"Associations";69004;"LYON 4EME";"69";"RHONE";"AUVERGNE RHONE ALPES";NA;"1";"1991-12-04";"9220";"TRUE";"FALSE"
281;488033820;"CONSEIL DES ESPACES ECONOMIQUES DU PAYS D AIX";"Associations";13100;"AIX-EN-PROVENCE";"13";"BOUCHES DU RHONE";"PROVENCE ALPES COTE D AZUR";NA;"1";"2004-12-03";"9220";"TRUE";"FALSE"
282;491669099;"ASS DES SAUVETEURS SECOURISTES AMBAROISE";"Associations";69480;"AMBERIEUX";"69";"RHONE";"AUVERGNE RHONE ALPES";NA;"1";"2006-05-10";"9220";"TRUE";"FALSE"
283;500064811;"ASS PHYSIQUE CLUB DU GROUPE SCOLAIRE LAZARE CARNOT";"Associations";21340;"NOLAY";"21";"COTE D OR";"BOURGOGNE FRANCHE COMTE";NA;"1";"1989-12-18";"9220";"TRUE";"FALSE"
284;510919046;"D'BLOC A CREMIEU";"Associations";38460;"CREMIEU";"38";"ISERE";"AUVERGNE RHONE ALPES";NA;"1";"2006-05-17";"9220";"TRUE";"FALSE"
285;523662005;"COMITE DES FETES DE SAILLANS";"Associations";26340;"SAILLANS";"26";"DROME";"AUVERGNE RHONE ALPES";NA;"1";"2010-01-27";"9220";"TRUE";"FALSE"
286;751113200;"L EPI SAN PRIOT";"Associations";69800;"SAINT-PRIEST";"69";"RHONE";"AUVERGNE RHONE ALPES";"PME";"1";"2012-02-26";"9220";"TRUE";"FALSE"
287;779493170;"ASS D'EDUCATION POPULAIRE";"Associations";38850;"CHARAVINES";"38";"ISERE";"AUVERGNE RHONE ALPES";NA;"1";"1900-01-01";"9220";"TRUE";"FALSE"
288;798906673;"FOYER SOCIO EDUCATIF DU COLLEGE DE LA COTE ROANNAISE";"Associations";42370;"RENAISON";"42";"LOIRE";"AUVERGNE RHONE ALPES";NA;"1";"2008-10-09";"9220";"TRUE";"FALSE"
289;58804790;"FADISFERM";"Cooperative";13830;"ROQUEFORT-LA-BEDOULE";"13";"BOUCHES DU RHONE";"PROVENCE ALPES COTE D AZUR";"Not_found";"Not_found";"Not_found";"Not_found";"Not_found";"Not_found"
290;335036083;"ASSOC GYMNASTIQUE VOLONTAIRE";"Associations";71390;"SAINT-DESERT";"71";"SAONE ET LOIRE";"BOURGOGNE FRANCHE COMTE";"PME";"1";"1985-09-11";"9220";"TRUE";"FALSE"
291;379802333;"ASSOCIATION MEDIA MEDITERRANEE";"Associations";13006;"MARSEILLE 6";"13";"BOUCHES DU RHONE";"PROVENCE ALPES COTE D AZUR";NA;"1";"1989-03-22";"9220";"TRUE";"FALSE"
292;397527292;"ASSOCIAT PROTECTION DES ABORDS DE L'ARVE";"Associations";74100;"ANNEMASSE";"74";"HAUTE SAVOIE";"AUVERGNE RHONE ALPES";NA;"1";"1994-02-28";"9220";"TRUE";"FALSE"
293;407716059;"TENNIS CLUB AUREC";"Associations";43110;"AUREC-SUR-LOIRE";"43";"HAUTE LOIRE";"AUVERGNE RHONE ALPES";"PME";"1";"1994-11-16";"9220";"TRUE";"FALSE"
294;441999828;"COMITE DES FETES";"Associations";43510;"CAYRES";"43";"HAUTE LOIRE";"AUVERGNE RHONE ALPES";NA;"1";"1985-01-01";"9220";"TRUE";"FALSE"
295;434010401;"ECRILIDIRE";"Associations";13014;"MARSEILLE 14";"13";"BOUCHES DU RHONE";"PROVENCE ALPES COTE D AZUR";NA;"1";"2000-12-12";"9220";"TRUE";"FALSE"
296;453268682;"ATHLETIC HANDBALL SAINT VALLIER";"Associations";26240;"SAINT-VALLIER";"26";"DROME";"AUVERGNE RHONE ALPES";"PME";"1";"2004-04-27";"9220";"TRUE";"FALSE"
297;488033846;"FIATLUX";"Associations";13007;"MARSEILLE 7";"13";"BOUCHES DU RHONE";"PROVENCE ALPES COTE D AZUR";NA;"1";"2005-11-25";"9220";"TRUE";"FALSE"
298;491669735;"KINESIOLOGIE APPLIQUEE";"Associations";13009;"MARSEILLE 9";"13";"BOUCHES DU RHONE";"PROVENCE ALPES COTE D AZUR";NA;"1";"2005-11-30";"9220";"TRUE";"FALSE"
299;500065065;"ASS. MARIE CECILE BRASSEUR";"Associations";73100;"AIX-LES-BAINS";"73";"SAVOIE";"AUVERGNE RHONE ALPES";NA;"1";"2000-12-18";"9220";"TRUE";"FALSE"
300;510919129;"ASSOCIATION CANINE JURA SUD";"Associations";39360;"JEURRE";"39";"JURA";"BOURGOGNE FRANCHE COMTE";NA;"1";"1999-01-19";"9220";"TRUE";"FALSE"
301;523666758;"MOTO CLUB HAPPY COOLOS";"Associations";42160;"BONSON";"42";"LOIRE";"AUVERGNE RHONE ALPES";NA;"1";"2010-05-11";"9220";"TRUE";"FALSE"
302;751113325;"MACON ANIMATIONS";"Associations";71000;"MACON";"71";"SAONE ET LOIRE";"BOURGOGNE FRANCHE COMTE";NA;"1";"2012-03-01";"9220";"TRUE";"FALSE"
303;779493188;"ASSOC D EDUCATION POPULAIRE";"Associations";38850;"CHARAVINES";"38";"ISERE";"AUVERGNE RHONE ALPES";NA;"1";"1900-01-01";"9220";"TRUE";"FALSE"
304;798906731;"OSTINATO";"Associations";89460;"TRUCY-SUR-YONNE";"89";"YONNE";"BOURGOGNE FRANCHE COMTE";NA;"1";"2013-10-15";"9220";"TRUE";"FALSE"
305;58805599;"ASSOCIATION LE THABOR";"Associations";13015;"MARSEILLE 15";"13";"BOUCHES DU RHONE";"PROVENCE ALPES COTE D AZUR";"Not_found";"Not_found";"Not_found";"Not_found";"Not_found";"Not_found"
306;335036091;"ASS INTERMMUNALE DEVELOP ARTIST CULTUR";"Associations";71600;"POISSON";"71";"SAONE ET LOIRE";"BOURGOGNE FRANCHE COMTE";"PME";"1";"1986-01-01";"9220";"TRUE";"FALSE"
307;379803166;"ASS FUVEAU LOISIRS";"Associations";13710;"FUVEAU";"13";"BOUCHES DU RHONE";"PROVENCE ALPES COTE D AZUR";NA;"1";"1990-01-08";"9220";"TRUE";"FALSE"
308;397528423;"CERCLE ALGERIANISTE DE TOULON";"Associations";83000;"TOULON";"83";"VAR";"PROVENCE ALPES COTE D AZUR";NA;"1";"1994-06-29";"9220";"TRUE";"FALSE"
309;407719277;"ASSOCIATION LTS";"Associations";25000;"BESANCON";"25";"DOUBS";"BOURGOGNE FRANCHE COMTE";"PME";"1";"1996-06-01";"9220";"TRUE";"FALSE"
310;442001756;"SOLI 13";"Associations";13003;"MARSEILLE 3";"13";"BOUCHES DU RHONE";"PROVENCE ALPES COTE D AZUR";NA;"1";"2002-02-06";"9220";"TRUE";"FALSE"
311;434012746;"SOC DES AMIS DES ARTS DE GRENOBLE";"Associations";38000;"GRENOBLE";"38";"ISERE";"AUVERGNE RHONE ALPES";NA;"1";"1914-12-23";"9220";"TRUE";"FALSE"
312;453271603;"LOCUS SOLUS";"Associations";38300;"MAUBEC";"38";"ISERE";"AUVERGNE RHONE ALPES";"PME";"1";"2004-01-12";"9220";"TRUE";"FALSE"
313;488033853;"L ECHAPPEE BELLE";"Associations";13015;"MARSEILLE 15";"13";"BOUCHES DU RHONE";"PROVENCE ALPES COTE D AZUR";NA;"1";"1997-02-18";"9220";"TRUE";"FALSE"
314;491670014;"BARCAROLLE LYRIQUE";"Associations";83200;"TOULON";"83";"VAR";"PROVENCE ALPES COTE D AZUR";NA;"1";"2006-05-15";"9220";"TRUE";"FALSE"
315;500065370;"ASS SCOLA IN FESTA";"Associations";20144;"ZONZA";"2A";"CORSE DU SUD";"CORSE";NA;"1";"2006-04-10";"9220";"TRUE";"FALSE"
316;510926470;"ASSOCIATION";"Associations";38610;"GIERES";"38";"ISERE";"AUVERGNE RHONE ALPES";NA;"1";"2006-10-11";"9220";"TRUE";"FALSE"
317;523674331;"POUR LA PROMOTION ET L INSERTION DES DEFICIENTS VISUE";"Associations";69002;"LYON 2EME";"69";"RHONE";"AUVERGNE RHONE ALPES";"PME";"1";"2010-05-01";"9220";"TRUE";"FALSE"
318;751113390;"FOYER RURAL DE CHARBONNIERES";"Associations";71260;"CHARBONNIERES";"71";"SAONE ET LOIRE";"BOURGOGNE FRANCHE COMTE";NA;"1";"2011-05-08";"9220";"TRUE";"FALSE"
319;779493667;"MJC DE L AGGLOMERAT PONTOISE";"Associations";38230;"CHARVIEU-CHAVAGNEUX";"38";"ISERE";"AUVERGNE RHONE ALPES";"PME";"1";"1900-01-01";"9220";"TRUE";"FALSE"
320;798906863;"NATIONSORG";"Associations";69003;"LYON 3EME";"69";"RHONE";"AUVERGNE RHONE ALPES";"PME";"1";"2013-11-27";"9220";"TRUE";"FALSE"
321;58806100;"ECOLE DE PROVENCE COLLEGE";"Associations";13008;"MARSEILLE 8";"13";"BOUCHES DU RHONE";"PROVENCE ALPES COTE D AZUR";"Not_found";"Not_found";"Not_found";"Not_found";"Not_found";"Not_found"
322;335037693;"COMITE DEPART MALADIES RESPIRATOIRES";"Associations";58000;"NEVERS";"58";"NIEVRE";"BOURGOGNE FRANCHE COMTE";NA;"1";"1985-04-16";"9220";"TRUE";"FALSE"
323;379804800;"ASSOCIATION QUARTIERS NORD";"Associations";13003;"MARSEILLE 3";"13";"BOUCHES DU RHONE";"PROVENCE ALPES COTE D AZUR";"PME";"1";"1990-10-29";"9220";"TRUE";"FALSE"
324;397530841;"O K GESTION";"Associations";26160;"LA BEGUDE-DE-MAZENC";"26";"DROME";"AUVERGNE RHONE ALPES";"PME";"1";"1994-03-10";"9220";"TRUE";"FALSE"
325;407720697;"CUMA DE VICO";"Cooperative";20160;"VICO";"2A";"CORSE DU SUD";"CORSE";NA;"1";"1996-06-07";"6316";"TRUE";"FALSE"
326;442002499;"SPORTING CLUB VALENCE LE HAUT";"Associations";26000;"VALENCE";"26";"DROME";"AUVERGNE RHONE ALPES";NA;"1";"1997-03-19";"9220";"TRUE";"FALSE"
327;434013868;"INFIPP";"Cooperative";69120;"VAULX-EN-VELIN";"69";"RHONE";"AUVERGNE RHONE ALPES";"PME";"1";"2001-01-01";"5560";"TRUE";"FALSE"
328;453271975;"CHATON NON OUI A LA STERILISATION";"Associations";69220;"BELLEVILLE-EN-BEAUJOLAIS";"69";"RHONE";"AUVERGNE RHONE ALPES";NA;"1";"2004-03-26";"9220";"TRUE";"FALSE"
329;488043498;"QUADRIFONIC";"Associations";43000;"CEYSSAC";"43";"HAUTE LOIRE";"AUVERGNE RHONE ALPES";NA;"1";"2002-06-01";"9220";"TRUE";"FALSE"
330;491670097;"LES OLEICULTEURS PELISSANNAIS ET ENVIRONS";"Associations";13330;"PELISSANNE";"13";"BOUCHES DU RHONE";"PROVENCE ALPES COTE D AZUR";NA;"1";"1999-08-24";"9220";"TRUE";"FALSE"
331;500065800;"OPEN TENNIS CLUB";"Associations";20600;"BASTIA";"2B";"HAUTE CORSE";"CORSE";"PME";"1";"1996-11-12";"9220";"TRUE";"FALSE"
332;510930720;"ENGLISH CIRCLE CONTACT";"Associations";69400;"VILLEFRANCHE-SUR-SAONE";"69";"RHONE";"AUVERGNE RHONE ALPES";"PME";"1";"2009-02-07";"9220";"TRUE";"FALSE"
333;523676575;"ASSOC SOUTIEN DEVELOPPEMENT ACTION SOCIOCULTURELLE SPORTIVE MAISON D ARRET";"Associations";89000;"AUXERRE";"89";"YONNE";"BOURGOGNE FRANCHE COMTE";NA;"1";"1986-05-15";"9220";"TRUE";"FALSE"
334;751113432;"FESTIV'ART";"Associations";73420;"DRUMETTAZ-CLARAFOND";"73";"SAVOIE";"AUVERGNE RHONE ALPES";NA;"1";"2006-06-05";"9220";"TRUE";"FALSE"
335;779494004;"AMIC BOULE SOC SPORTS BUVET";"Associations";38670;"CHASSE-SUR-RHONE";"38";"ISERE";"AUVERGNE RHONE ALPES";NA;"1";"1900-01-01";"9220";"TRUE";"FALSE"
336;798906889;"COLLECTIF REPRESENTISTE";"Associations";69008;"LYON 8EME";"69";"RHONE";"AUVERGNE RHONE ALPES";NA;"1";"2011-07-23";"9220";"TRUE";"FALSE"
337;58808015;"SOCIETE COOPERATIVE DU LAMANAGE DES PORTS DE MARSEILLE ET DU GOLFE DE FOS (ENTREPRISE MARITIME)";"Cooperative";13002;"MARSEILLE 2";"13";"BOUCHES DU RHONE";"PROVENCE ALPES COTE D AZUR";"Not_found";"Not_found";"Not_found";"Not_found";"Not_found";"Not_found"
338;335038774;"SURPRISE";"Associations";43120;"MONISTROL-SUR-LOIRE";"43";"HAUTE LOIRE";"AUVERGNE RHONE ALPES";NA;"1";"1986-02-10";"9220";"TRUE";"FALSE"
339;379805179;"OFFICE MUNICIPAL DE LA CULTURE";"Associations";13320;"BOUC-BEL-AIR";"13";"BOUCHES DU RHONE";"PROVENCE ALPES COTE D AZUR";NA;"1";"1990-01-01";"9220";"TRUE";"FALSE"
340;397531047;"ASS MOTO CLUB BEAUJOLAIS";"Associations";69480;"LACHASSAGNE";"69";"RHONE";"AUVERGNE RHONE ALPES";NA;"1";"1994-06-29";"9220";"TRUE";"FALSE"
341;407722214;"COMITE DES FETES DE FONTANNES";"Associations";43100;"FONTANNES";"43";"HAUTE LOIRE";"AUVERGNE RHONE ALPES";NA;"1";"1996-03-23";"9220";"TRUE";"FALSE"
342;442004677;"RUGBY CLUB DU PAYS DE FAYENCE";"Associations";83440;"FAYENCE";"83";"VAR";"PROVENCE ALPES COTE D AZUR";"PME";"1";"2002-01-24";"9220";"TRUE";"FALSE"
343;434014338;"PROVENCE ASSISTANCE";"Associations";13400;"AUBAGNE";"13";"BOUCHES DU RHONE";"PROVENCE ALPES COTE D AZUR";"PME";"1";"2000-01-24";"9220";"TRUE";"FALSE"
344;453273203;"ALERTE SANFLORAINE";"Associations";15100;"SAINT-FLOUR";"15";"CANTAL";"AUVERGNE RHONE ALPES";NA;"1";"1994-01-08";"9220";"TRUE";"FALSE"
345;488046251;"CENTRE COMMUNAUTAIRE JUIF DE CHAMBERY ET DE SAVOIE JOSEPH COLON";"Associations";73000;"CHAMBERY";"73";"SAVOIE";"AUVERGNE RHONE ALPES";NA;"1";"1994-04-28";"9220";"TRUE";"FALSE"
346;491670188;"GROUPEMENT D INTERET CYNEGETIQUE";"Associations";13140;"MIRAMAS";"13";"BOUCHES DU RHONE";"PROVENCE ALPES COTE D AZUR";NA;"1";"2005-12-02";"9220";"TRUE";"FALSE"
347;500065826;"LYON NOUVEL HORIZON";"Associations";69007;"LYON 7EME";"69";"RHONE";"AUVERGNE RHONE ALPES";"PME";"1";"2005-03-09";"9220";"TRUE";"FALSE"
348;510931942;"OBJECTIF HAUT NIVEAU";"Associations";13008;"MARSEILLE 8";"13";"BOUCHES DU RHONE";"PROVENCE ALPES COTE D AZUR";NA;"1";"2006-06-16";"9220";"TRUE";"FALSE"
349;527733398;"CHAPERCHE";"Associations";13008;"MARSEILLE 8";"13";"BOUCHES DU RHONE";"PROVENCE ALPES COTE D AZUR";NA;"1";"2009-10-23";"9220";"TRUE";"FALSE"
350;751113473;"SOC DE CHASSE COMMUNALE D AUXY";"Associations";71400;"AUXY";"71";"SAONE ET LOIRE";"BOURGOGNE FRANCHE COMTE";NA;"1";"1975-07-07";"9220";"TRUE";"FALSE"
351;779494418;"COMITE D EDUCATION POPULAIRE";"Associations";38980;"CHATENAY";"38";"ISERE";"AUVERGNE RHONE ALPES";NA;"1";"1900-01-01";"9220";"TRUE";"FALSE"
352;798906988;"THIBAUT MUGNIER MOTO CROSS COMPETITION (TMX)";"Associations";71100;"CHALON-SUR-SAONE";"71";"SAONE ET LOIRE";"BOURGOGNE FRANCHE COMTE";NA;"1";"2002-10-18";"9220";"TRUE";"FALSE"
353;59501783;"STE COOPERATIVE D APPROVISIONNEMENT DES MAITRES COIFFEURS DE GRENOBLE ET DE L ISERE.";"Cooperative";38100;"GRENOBLE";"38";"ISERE";"AUVERGNE RHONE ALPES";"Not_found";"Not_found";"Not_found";"Not_found";"Not_found";"Not_found"
354;335039061;"ASSOC SPORTIVE FONTAINE DU BAC";"Associations";63000;"CLERMONT-FERRAND";"63";"PUY DE DOME";"AUVERGNE RHONE ALPES";NA;"1";"1986-02-28";"9220";"TRUE";"FALSE"
355;379806433;"UNION REGIO SOURDS & MALENTENDANTS PACAC";"Associations";13010;"MARSEILLE 10";"13";"BOUCHES DU RHONE";"PROVENCE ALPES COTE D AZUR";NA;"1";"1976-04-16";"9220";"TRUE";"FALSE"
356;397532649;"ASSOCIATION CHEMINEMENTS";"Associations";70190;"RIOZ";"70";"HAUTE SAONE";"BOURGOGNE FRANCHE COMTE";NA;"1";"1989-12-20";"9220";"TRUE";"FALSE"
357;407724913;"FESTIVAL C DANS LA RUE";"Associations";58140;"LORMES";"58";"NIEVRE";"BOURGOGNE FRANCHE COMTE";"PME";"1";"1996-07-26";"9220";"TRUE";"FALSE"
358;442004693;"MED'IN CULTURE";"Associations";13001;"MARSEILLE 1";"13";"BOUCHES DU RHONE";"PROVENCE ALPES COTE D AZUR";NA;"1";"1998-11-02";"9220";"TRUE";"FALSE"
359;434015228;"FILIGRANE";"Associations";84600;"VALREAS";"84";"VAUCLUSE";"PROVENCE ALPES COTE D AZUR";NA;"1";"2000-07-01";"9220";"TRUE";"FALSE"
360;453273674;"LUGARDESPACE";"Associations";15190;"LUGARDE";"15";"CANTAL";"AUVERGNE RHONE ALPES";NA;"1";"2003-01-28";"9220";"TRUE";"FALSE"
361;488047168;"LES AMIS DE ST JEAN";"Associations";13580;"LA FARE-LES-OLIVIERS";"13";"BOUCHES DU RHONE";"PROVENCE ALPES COTE D AZUR";NA;"1";"2002-11-19";"9220";"TRUE";"FALSE"
362;491670378;"JUKE BOX";"Associations";13810;"EYGALIERES";"13";"BOUCHES DU RHONE";"PROVENCE ALPES COTE D AZUR";NA;"1";"2006-07-10";"9220";"TRUE";"FALSE"
363;500066006;"ASSOCIATION SPORTIVE COLLEGE HENRY DUNANT";"Associations";21000;"DIJON";"21";"COTE D OR";"BOURGOGNE FRANCHE COMTE";NA;"1";"1967-10-16";"9220";"TRUE";"FALSE"
364;510935794;"COMITE D INTERET LOCAL DU FORT ROUGE";"Associations";83200;"TOULON";"83";"VAR";"PROVENCE ALPES COTE D AZUR";NA;"1";"1928-06-03";"9220";"TRUE";"FALSE"
365;527733497;"CHORALE ALLEGRIA";"Associations";69240;"THIZY-LES-BOURGS";"69";"RHONE";"AUVERGNE RHONE ALPES";NA;"1";"1974-05-08";"9220";"TRUE";"FALSE"
366;751113523;"ASS AMICALE DES JURIDICTIONS ADMINISTRATIVES DE LYON";"Associations";69003;"LYON 3EME";"69";"RHONE";"AUVERGNE RHONE ALPES";NA;"1";"1989-04-28";"9220";"TRUE";"FALSE"
367;779494723;"OGEC";"Associations";38440;"CHATONNAY";"38";"ISERE";"AUVERGNE RHONE ALPES";"PME";"1";"1900-01-01";"9220";"TRUE";"FALSE"
368;798907044;"ASSOCIATION JOYEUX BOULISTES DE PUSIGNAN";"Associations";69330;"PUSIGNAN";"69";"RHONE";"AUVERGNE RHONE ALPES";NA;"1";"2013-09-07";"9220";"TRUE";"FALSE"
369;59800235;"SACICAP MIDI MEDITERRANEE";"Cooperative";13001;"MARSEILLE 1";"13";"BOUCHES DU RHONE";"PROVENCE ALPES COTE D AZUR";"Not_found";"Not_found";"Not_found";"Not_found";"Not_found";"Not_found"
370;335039079;"GYMNASTIQUE VOLONTAIRE CENTRE";"Associations";63000;"CLERMONT-FERRAND";"63";"PUY DE DOME";"AUVERGNE RHONE ALPES";NA;"1";"1986-01-01";"9220";"TRUE";"FALSE"
371;379811532;"COLLEGE INTERDISCIPLINAIRE BAT GENIE CIV";"Associations";69002;"LYON 2EME";"69";"RHONE";"AUVERGNE RHONE ALPES";"PME";"1";"1990-10-17";"9220";"TRUE";"FALSE"
372;397532946;"ASUL DIAMONDS BASEBALL SOFTBALL";"Associations";69100;"VILLEURBANNE";"69";"RHONE";"AUVERGNE RHONE ALPES";NA;"1";"1994-06-01";"9220";"TRUE";"FALSE"
373;407725621;"ARTECO";"Associations";13290;"AIX-EN-PROVENCE";"13";"BOUCHES DU RHONE";"PROVENCE ALPES COTE D AZUR";"PME";"1";"1996-05-14";"9220";"TRUE";"FALSE"
374;442004883;"VIV'ENS";"Associations";42470;"SAINT-SYMPHORIEN-DE-LAY";"42";"LOIRE";"AUVERGNE RHONE ALPES";"PME";"1";"2002-05-17";"9220";"TRUE";"FALSE"
375;434017505;"HISTOIRE D'EN PARLER";"Associations";74000;"ANNECY";"74";"HAUTE SAVOIE";"AUVERGNE RHONE ALPES";"PME";"1";"1999-01-26";"9220";"TRUE";"FALSE"
376;453273898;"BOXING CLUB DE RIVE DE GIER";"Associations";42800;"RIVE-DE-GIER";"42";"LOIRE";"AUVERGNE RHONE ALPES";NA;"1";"1996-09-04";"9220";"TRUE";"FALSE"
377;488047556;"AMICALE DES PARENTS D ELEVES DE CRANDELLES";"Associations";15250;"CRANDELLES";"15";"CANTAL";"AUVERGNE RHONE ALPES";NA;"1";"2006-01-13";"9220";"TRUE";"FALSE"
378;491670790;"CERCLE AEROSTATIQUE PAYS MONTBELIARD";"Associations";25310;"ABBEVILLERS";"25";"DOUBS";"BOURGOGNE FRANCHE COMTE";NA;"1";"1995-03-21";"9220";"TRUE";"FALSE"
379;500066089;"ASS JEUNESSE AVENIR 6EME SECTEUR";"Associations";13011;"MARSEILLE 11";"13";"BOUCHES DU RHONE";"PROVENCE ALPES COTE D AZUR";NA;"1";"2006-08-23";"9220";"TRUE";"FALSE"
380;510939168;"L ATELIER DU JARDINIER";"Associations";63430;"PONT-DU-CHATEAU";"63";"PUY DE DOME";"AUVERGNE RHONE ALPES";"PME";"1";"2009-03-11";"9220";"TRUE";"FALSE"
381;527734032;"LYON CANUTS";"Associations";69002;"LYON 2EME";"69";"RHONE";"AUVERGNE RHONE ALPES";"PME";"1";"1994-12-06";"9220";"TRUE";"FALSE"
382;751132440;"PRO COM MUSIC PRODUCTION";"Associations";13480;"CABRIES";"13";"BOUCHES DU RHONE";"PROVENCE ALPES COTE D AZUR";NA;"1";"2012-01-16";"9220";"TRUE";"FALSE"
383;779495050;"CANTINE SCOLAIRE DE CHATTE";"Associations";38160;"CHATTE";"38";"ISERE";"AUVERGNE RHONE ALPES";"PME";"1";"1900-01-01";"9220";"TRUE";"FALSE"
384;798907135;"CLUB DU TROISIEME AGE CLUB DE L'AVENIR";"Associations";73210;"LANDRY";"73";"SAVOIE";"AUVERGNE RHONE ALPES";NA;"1";"2013-03-25";"9220";"TRUE";"FALSE"
385;59804484;"SOCIETE COOPERATIVE OUVRIERE MANUTENTION";"Cooperative";13002;"MARSEILLE 2";"13";"BOUCHES DU RHONE";"PROVENCE ALPES COTE D AZUR";"Not_found";"Not_found";"Not_found";"Not_found";"Not_found";"Not_found"
386;335040416;"RESTAUR ADMINIST DE CHAROLLES";"Associations";71120;"CHAROLLES";"71";"SAONE ET LOIRE";"BOURGOGNE FRANCHE COMTE";NA;"1";"1986-03-18";"9220";"TRUE";"FALSE"
387;379813918;"ASSOCIATION SPORTIVE DE FONTLONGUE";"Associations";13140;"MIRAMAS";"13";"BOUCHES DU RHONE";"PROVENCE ALPES COTE D AZUR";NA;"1";"1961-04-01";"9220";"TRUE";"FALSE"
388;397533613;"FONDATION ENTREPRISE REUSSITE SCOLAIRE";"Fondations";69004;"LYON 4EME";"69";"RHONE";"AUVERGNE RHONE ALPES";"PME";NA;"1994-05-08";"9300";"TRUE";"FALSE"
389;407727247;"INFORMATIQUE MUSIQUE SPECTACLE";"Associations";70000;"NOIDANS-LES-VESOUL";"70";"HAUTE SAONE";"BOURGOGNE FRANCHE COMTE";NA;"1";"1996-04-26";"9220";"TRUE";"FALSE"
390;442005542;"H2O";"Associations";63000;"CLERMONT-FERRAND";"63";"PUY DE DOME";"AUVERGNE RHONE ALPES";"PME";"1";"1998-05-04";"9220";"TRUE";"FALSE"
391;434018719;"ASSOCIATION ""SOCIETE PAUL CEZANNE""";"Associations";13090;"AIX-EN-PROVENCE";"13";"BOUCHES DU RHONE";"PROVENCE ALPES COTE D AZUR";NA;"1";"1998-07-24";"9220";"TRUE";"FALSE"
392;453274961;"LE COCHONNET DE NEUILLY";"Associations";21800;"NEUILLY-CRIMOLOIS";"21";"COTE D OR";"BOURGOGNE FRANCHE COMTE";NA;"1";"1985-06-25";"9220";"TRUE";"FALSE"
393;488049701;"GROUPE DE GYMNASTIQUE DOUCE ET DETENTE";"Associations";69420;"CONDRIEU";"69";"RHONE";"AUVERGNE RHONE ALPES";"PME";"1";"1985-12-09";"9220";"TRUE";"FALSE"
394;491671194;"DORURE ET CIE";"Associations";83190;"OLLIOULES";"83";"VAR";"PROVENCE ALPES COTE D AZUR";NA;"1";"2006-04-21";"9220";"TRUE";"FALSE"
395;500066220;"FEDERATION DES ACTEURS DE LA CHANSON";"Associations";13770;"VENELLES";"13";"BOUCHES DU RHONE";"PROVENCE ALPES COTE D AZUR";NA;"1";"2004-08-17";"9220";"TRUE";"FALSE"
396;510942543;"ASSOCIATION DES PERSONNES AGEES DE CLANSAYES";"Associations";26130;"CLANSAYES";"26";"DROME";"AUVERGNE RHONE ALPES";NA;"1";"1987-04-09";"9220";"TRUE";"FALSE"
397;527734503;"COMITE DES COMMERCANTS SAXE ST POTHIN";"Associations";69006;"LYON 6EME";"69";"RHONE";"AUVERGNE RHONE ALPES";NA;"1";"1981-07-01";"9220";"TRUE";"FALSE"
398;751133224;"AMICALE DES CHASSEURS DE TANNAY EN BAZOIS";"Associations";58110;"TAMNAY-EN-BAZOIS";"58";"NIEVRE";"BOURGOGNE FRANCHE COMTE";NA;"1";"1998-10-02";"9220";"TRUE";"FALSE"
399;779495688;"CANTINE SCOLAIRE CHEVRIERES";"Associations";38160;"CHEVRIERES";"38";"ISERE";"AUVERGNE RHONE ALPES";NA;"1";"1900-01-01";"9220";"TRUE";"FALSE"
400;798907143;"SANTE EN HAUT FOREZ";"Associations";42440;"NOIRETABLE";"42";"LOIRE";"AUVERGNE RHONE ALPES";NA;"1";"2013-11-18";"9220";"TRUE";"FALSE"
401;60500295;"SOCIETE DE L ISLE";"Cooperative";38100;"GRENOBLE";"38";"ISERE";"AUVERGNE RHONE ALPES";"Not_found";"Not_found";"Not_found";"Not_found";"Not_found";"Not_found"
402;335042875;"CENTRE SOCIO CULTUREL VAIVRE MONTOILLE";"Associations";70000;"VAIVRE-ET-MONTOILLE";"70";"HAUTE SAONE";"BOURGOGNE FRANCHE COMTE";NA;"1";"1986-01-01";"9220";"TRUE";"FALSE"
403;379816549;"PLATOLYRE";"Associations";84580;"OPPEDE";"84";"VAUCLUSE";"PROVENCE ALPES COTE D AZUR";NA;"1";"1990-11-07";"9220";"TRUE";"FALSE"
404;397533878;"ASS ACTION RECHERCHE PAIN PROJET EMPLOI";"Associations";69009;"LYON 9EME";"69";"RHONE";"AUVERGNE RHONE ALPES";NA;"1";"1994-03-16";"9220";"TRUE";"FALSE"
405;407727817;"ASSOC VOILE LIBRE MONTAGNY LES BEAUNE";"Associations";21200;"MONTAGNY-LES-BEAUNE";"21";"COTE D OR";"BOURGOGNE FRANCHE COMTE";"PME";"1";"1995-06-03";"9220";"TRUE";"FALSE"
406;442005880;"CLUB DE PLONGEE AIX LAC DU BOURGET";"Associations";73100;"AIX-LES-BAINS";"73";"SAVOIE";"AUVERGNE RHONE ALPES";NA;"1";"2000-10-24";"9220";"TRUE";"FALSE"
407;434022547;"ENSEMBLE POUR REUSSIR INSERTION PAYS AIX";"Associations";13090;"AIX-EN-PROVENCE";"13";"BOUCHES DU RHONE";"PROVENCE ALPES COTE D AZUR";NA;"1";"2000-11-20";"9220";"TRUE";"FALSE"
408;451711832;"COLLECTIF INTER COPROPRIETES";"Associations";13014;"MARSEILLE 14";"13";"BOUCHES DU RHONE";"PROVENCE ALPES COTE D AZUR";"PME";"1";"2003-07-18";"9220";"TRUE";"FALSE"
409;488049768;"LES JOURS D ECUME";"Associations";69004;"LYON 4EME";"69";"RHONE";"AUVERGNE RHONE ALPES";"PME";"1";"2006-01-05";"9220";"TRUE";"FALSE"
410;491671251;"LEGION FUNESTE";"Associations";83136;"MAZAUGUES";"83";"VAR";"PROVENCE ALPES COTE D AZUR";NA;"1";"2006-05-16";"9220";"TRUE";"FALSE"
411;500066337;"CORPORATION ETUDIANT MEDECINE DIJON";"Associations";21000;"DIJON";"21";"COTE D OR";"BOURGOGNE FRANCHE COMTE";NA;"1";"1956-01-25";"9220";"TRUE";"FALSE"
412;510942931;"GROUPEMENT POUR UNE GESTION RESPONSABLE DE FORETS BOURGUIGNONNES";"Associations";71400;"AUTUN";"71";"SAONE ET LOIRE";"BOURGOGNE FRANCHE COMTE";NA;"1";"2008-06-18";"9220";"TRUE";"FALSE"
413;527734826;"AMICALE ROMY PASSION";"Associations";21110;"GENLIS";"21";"COTE D OR";"BOURGOGNE FRANCHE COMTE";NA;"1";"1993-02-17";"9220";"TRUE";"FALSE"
414;751133703;"WOMEN VOICE UP";"Associations";74100;"ANNEMASSE";"74";"HAUTE SAVOIE";"AUVERGNE RHONE ALPES";NA;"1";"2012-03-13";"9220";"TRUE";"FALSE"
415;779495779;"SKI CLUB SCOLAIRE DU CHEYLAS";"Associations";38570;"LE CHEYLAS";"38";"ISERE";"AUVERGNE RHONE ALPES";NA;"1";"1900-01-01";"9220";"TRUE";"FALSE"
416;798907283;"MAGNY TONIC GV";"Associations";21170;"MAGNY-LES-AUBIGNY";"21";"COTE D OR";"BOURGOGNE FRANCHE COMTE";"PME";"1";"2013-09-09";"9220";"TRUE";"FALSE"
417;60501921;"LA RESIDENCE RAVAT SOC IMMOB";"Cooperative";38500;"VOIRON";"38";"ISERE";"AUVERGNE RHONE ALPES";"Not_found";"Not_found";"Not_found";"Not_found";"Not_found";"Not_found"
418;335049433;"PROVENCE MEDITERRANEE ART CULTURE JUIVE";"Associations";13007;"MARSEILLE 7";"13";"BOUCHES DU RHONE";"PROVENCE ALPES COTE D AZUR";NA;"1";"1984-01-01";"9220";"TRUE";"FALSE"
419;379818644;"CLUB MOTONAUTIQUE JURASSIEN";"Associations";39270;"ORGELET";"39";"JURA";"BOURGOGNE FRANCHE COMTE";"PME";"1";"1990-07-01";"9220";"TRUE";"FALSE"
420;397535212;"ASSOC DU TALENT";"Associations";13001;"MARSEILLE 1";"13";"BOUCHES DU RHONE";"PROVENCE ALPES COTE D AZUR";NA;"1";"1994-06-20";"9220";"TRUE";"FALSE"
421;407727924;"LES MILLE ET UNE MARCHES";"Associations";21000;"DIJON";"21";"COTE D OR";"BOURGOGNE FRANCHE COMTE";NA;"1";"1994-11-16";"9220";"TRUE";"FALSE"
422;442008298;"ASSOC DIJONNAISE D HYGIENE HOSPITALIERE";"Associations";21000;"DIJON";"21";"COTE D OR";"BOURGOGNE FRANCHE COMTE";NA;"1";"1999-07-21";"9220";"TRUE";"FALSE"
423;434022810;"RENOUVEAU PROVENCAL";"Associations";13012;"MARSEILLE 12";"13";"BOUCHES DU RHONE";"PROVENCE ALPES COTE D AZUR";NA;"1";"2000-04-26";"9220";"TRUE";"FALSE"
424;451712319;"ASS COLLECTIF THUBANEAU BELSUNCE";"Associations";13001;"MARSEILLE 1";"13";"BOUCHES DU RHONE";"PROVENCE ALPES COTE D AZUR";NA;"1";"2000-06-13";"9220";"TRUE";"FALSE"
425;488049784;"GENERATIONS ROLLER";"Associations";69001;"LYON 1ER";"69";"RHONE";"AUVERGNE RHONE ALPES";"PME";"1";"1999-01-01";"9220";"TRUE";"FALSE"
426;491671905;"MILLE ET UNE DUNES";"Associations";13600;"LA CIOTAT";"13";"BOUCHES DU RHONE";"PROVENCE ALPES COTE D AZUR";NA;"1";"2006-03-15";"9220";"TRUE";"FALSE"
427;500066352;"ATELIER D'EXPRESSION ARTISTIQUE";"Associations";21340;"AUBIGNY-LA-RONCE";"21";"COTE D OR";"BOURGOGNE FRANCHE COMTE";NA;"1";"2000-07-18";"9220";"TRUE";"FALSE"
428;510943095;"ORGANISATION DE CONSULTANTS EN MANAGEMENT DEVELOPPEMENT ET ENVIRONNEMENT";"Associations";69100;"VILLEURBANNE";"69";"RHONE";"AUVERGNE RHONE ALPES";NA;"1";"2008-11-19";"9220";"TRUE";"FALSE"
429;527735237;"ACCUEIL PAYSAN SAVOIE";"Associations";73600;"HAUTECOUR";"73";"SAVOIE";"AUVERGNE RHONE ALPES";NA;"1";"1991-09-10";"9220";"TRUE";"FALSE"
430;751135302;"LE THEATRE DE LA MARMITE";"Associations";38500;"VOIRON";"38";"ISERE";"AUVERGNE RHONE ALPES";NA;"1";"2012-03-01";"9220";"TRUE";"FALSE"
431;779495787;"AMICALE BOULE DU CHEYLAS";"Associations";38570;"LE CHEYLAS";"38";"ISERE";"AUVERGNE RHONE ALPES";NA;"1";"1900-01-01";"9220";"TRUE";"FALSE"
432;798907309;"LES JARDINS ET VERGERS DE LA CHOUETTE";"Associations";21000;"DIJON";"21";"COTE D OR";"BOURGOGNE FRANCHE COMTE";NA;"1";"2013-02-14";"9220";"TRUE";"FALSE"
433;61500351;"LE TRAVAILLEUR ALPIN";"Cooperative";38000;"GRENOBLE";"38";"ISERE";"AUVERGNE RHONE ALPES";"Not_found";"Not_found";"Not_found";"Not_found";"Not_found";"Not_found"
434;335049896;"OFFICE DU TOURISME";"Associations";74440;"MIEUSSY";"74";"HAUTE SAVOIE";"AUVERGNE RHONE ALPES";"PME";"1";"1986-01-01";"9220";"TRUE";"FALSE"
435;379819576;"SPI MARKETING";"Associations";13014;"MARSEILLE 14";"13";"BOUCHES DU RHONE";"PROVENCE ALPES COTE D AZUR";NA;"1";"1990-11-07";"9220";"TRUE";"FALSE"
436;397537069;"ORDRE INTERN ANYSETIER COMMANDERIE DAUPH";"Associations";38000;"GRENOBLE";"38";"ISERE";"AUVERGNE RHONE ALPES";NA;"1";"1994-04-25";"9220";"TRUE";"FALSE"
437;407750652;"SKI CLUB HTE SAVOUREUSE 90";"Associations";90200;"VESCEMONT";"90";"TERRITOIRE DE BELFORT";"BOURGOGNE FRANCHE COMTE";NA;"1";"1996-02-23";"9220";"TRUE";"FALSE"
438;442009973;"ETOILE SPORTIVE DE VIRY";"Associations";74580;"VIRY";"74";"HAUTE SAVOIE";"AUVERGNE RHONE ALPES";"PME";"1";"1938-06-30";"9220";"TRUE";"FALSE"
439;434027173;"ASSOCIATION FRANCAISE INTERPROFESSIONNELLE DE L'OLIVE";"Associations";13100;"AIX-EN-PROVENCE";"13";"BOUCHES DU RHONE";"PROVENCE ALPES COTE D AZUR";"PME";"4";"1999-08-27";"9220";"TRUE";"FALSE"
440;451713184;"COMITE LIAISON ASS PHILHELLENES FRANCE";"Associations";13004;"MARSEILLE 4";"13";"BOUCHES DU RHONE";"PROVENCE ALPES COTE D AZUR";NA;"1";"2003-11-18";"9220";"TRUE";"FALSE"
441;488049818;"LOVELY FRANCE";"Associations";69007;"LYON 7EME";"69";"RHONE";"AUVERGNE RHONE ALPES";NA;"1";"2005-12-19";"9220";"TRUE";"FALSE"
442;491679932;"NOMADE MEDICAL";"Associations";21000;"DIJON";"21";"COTE D OR";"BOURGOGNE FRANCHE COMTE";NA;"1";"2006-02-10";"9220";"TRUE";"FALSE"
443;500066410;"7EME ELEMENT";"Associations";13770;"VENELLES";"13";"BOUCHES DU RHONE";"PROVENCE ALPES COTE D AZUR";"PME";"1";"2007-06-29";"9220";"TRUE";"FALSE"
444;510943178;"LYON ECHECS PASSION 64";"Associations";69006;"LYON 6EME";"69";"RHONE";"AUVERGNE RHONE ALPES";"PME";"1";"2009-01-21";"9220";"TRUE";"FALSE"
445;527735476;"COMITE DE JUMELAGE DE LA VILLE DE THIZY";"Associations";69240;"THIZY-LES-BOURGS";"69";"RHONE";"AUVERGNE RHONE ALPES";NA;"1";"1969-10-07";"9220";"TRUE";"FALSE"
446;751136284;"DPA RACING";"Associations";20245;"GALERIA";"2B";"HAUTE CORSE";"CORSE";NA;"1";"2012-02-27";"9220";"TRUE";"FALSE"
447;779495795;"AMICALE LAIQUE";"Associations";38570;"LE CHEYLAS";"38";"ISERE";"AUVERGNE RHONE ALPES";NA;"1";"1900-01-01";"9220";"TRUE";"FALSE"
448;798907804;"ASSOCIATION SPORTIVE ET CULTURELLE DE L'ECOLE ELEMENTAIRE DE CHAMONIX CENTRE";"Associations";74400;"CHAMONIX-MONT-BLANC";"74";"HAUTE SAVOIE";"AUVERGNE RHONE ALPES";NA;"1";"2013-06-07";"9220";"TRUE";"FALSE"
449;65800526;"SOCIETE LA CIOTAT LA CLAIRETTE";"Cooperative";13600;"LA CIOTAT";"13";"BOUCHES DU RHONE";"PROVENCE ALPES COTE D AZUR";"Not_found";"Not_found";"Not_found";"Not_found";"Not_found";"Not_found"
450;335050829;"ECOLE TECHNIQUE PRIVEE";"Associations";89000;"AUXERRE";"89";"YONNE";"BOURGOGNE FRANCHE COMTE";NA;"1";"1986-03-18";"9220";"TRUE";"FALSE"
451;379820194;"MAISON DES ASSOCIATIONS";"Associations";42170;"SAINT-JUST-SAINT-RAMBERT";"42";"LOIRE";"AUVERGNE RHONE ALPES";"PME";"1";"1990-04-24";"9220";"TRUE";"FALSE"
452;397537515;"ASSOCIATION JEUNES ESPERANCE";"Associations";13120;"GARDANNE";"13";"BOUCHES DU RHONE";"PROVENCE ALPES COTE D AZUR";NA;"1";"1994-06-10";"9220";"TRUE";"FALSE"
453;419071725;"CHICHE ANNECY JEUNES ECOLES SOLIDAIRES";"Associations";74000;"ANNECY";"74";"HAUTE SAVOIE";"AUVERGNE RHONE ALPES";NA;"1";"1997-09-26";"9220";"TRUE";"FALSE"
454;442010682;"UMERT";"Associations";83720;"TRANS-EN-PROVENCE";"83";"VAR";"PROVENCE ALPES COTE D AZUR";NA;"1";"2002-04-26";"9220";"TRUE";"FALSE"
455;434027322;"ASSOCIATION ARLES HANDISPORT";"Associations";13200;"ARLES";"13";"BOUCHES DU RHONE";"PROVENCE ALPES COTE D AZUR";"PME";"1";"1995-02-18";"9220";"TRUE";"FALSE"
456;451713218;"MESSIMY BADMINTON CLUB 69 (MBC 69)";"Associations";69510;"MESSIMY";"69";"RHONE";"AUVERGNE RHONE ALPES";NA;"1";"2003-06-18";"9220";"TRUE";"FALSE"
457;488051053;"COMITE LOCAL BARJOLS DE LA F.N.A.C.A";"Associations";83670;"BARJOLS";"83";"VAR";"PROVENCE ALPES COTE D AZUR";NA;"1";"1970-10-28";"9220";"TRUE";"FALSE"
458;491679973;"LES AFRICAINS DES BORNES";"Associations";74350;"VOVRAY-EN-BORNES";"74";"HAUTE SAVOIE";"AUVERGNE RHONE ALPES";NA;"1";"2000-01-01";"9220";"TRUE";"FALSE"
459;500066451;"FAI";"Associations";69110;"SAINTE-FOY-LES-LYON";"69";"RHONE";"AUVERGNE RHONE ALPES";"PME";"1";"2007-06-14";"9220";"TRUE";"FALSE"
460;510943269;"FEDERATION FRANCAISE DE KIN-JO";"Associations";69009;"LYON 9EME";"69";"RHONE";"AUVERGNE RHONE ALPES";NA;"1";"2008-11-17";"9220";"TRUE";"FALSE"
461;527735765;"COMITE DES FETES DE LA DESTROUSSE";"Associations";13112;"LA DESTROUSSE";"13";"BOUCHES DU RHONE";"PROVENCE ALPES COTE D AZUR";"PME";"1";"2008-08-21";"9220";"TRUE";"FALSE"
462;751137712;"ARTER AGENCE";"Cooperative";73000;"CHAMBERY";"73";"SAVOIE";"AUVERGNE RHONE ALPES";"PME";"1";"2012-05-02";"5458";"TRUE";"FALSE"
463;779495811;"ASSOC SAPEURS POMPIERS CHEYLAS";"Associations";38570;"LE CHEYLAS";"38";"ISERE";"AUVERGNE RHONE ALPES";NA;"1";"1900-01-01";"9220";"TRUE";"FALSE"
464;798908190;"ME ASSOCIATION";"Associations";70000;"VILLERS-LE-SEC";"70";"HAUTE SAONE";"BOURGOGNE FRANCHE COMTE";NA;"1";"2012-09-22";"9220";"TRUE";"FALSE"
465;67500298;"SINEQUANON'";"Cooperative";38130;"ECHIROLLES";"38";"ISERE";"AUVERGNE RHONE ALPES";"Not_found";"Not_found";"Not_found";"Not_found";"Not_found";"Not_found"
466;335051041;"ASSOCIATION LE CHATELAS";"Associations";26460;"BOURDEAUX";"26";"DROME";"AUVERGNE RHONE ALPES";"PME";"1";"1986-01-01";"9220";"TRUE";"FALSE"
467;379820301;"ASS PARENTS ECOLE LIBRE";"Associations";42460;"LE CERGNE";"42";"LOIRE";"AUVERGNE RHONE ALPES";NA;"1";"1952-01-28";"9220";"TRUE";"FALSE"
468;397537689;"ADEMIS DEVELOPPEMENT";"Associations";38000;"GRENOBLE";"38";"ISERE";"AUVERGNE RHONE ALPES";"PME";"1";"1994-04-27";"9220";"TRUE";"FALSE"
469;419072053;"CLUB DE LOISIRS FEMININS DU PUY EN VELAY";"Associations";43000;"LE PUY-EN-VELAY";"43";"HAUTE LOIRE";"AUVERGNE RHONE ALPES";NA;"1";"1998-02-27";"9220";"TRUE";"FALSE"
470;442011268;"ROTARY CLUB DE LA SEYNE SUR MER SAINT MANDRIER SUR MER";"Associations";83500;"LA SEYNE-SUR-MER";"83";"VAR";"PROVENCE ALPES COTE D AZUR";NA;"1";"1978-05-25";"9220";"TRUE";"FALSE"
471;441685682;"CLUB ALPIN FRANCAIS DE ST JEOIRE";"Associations";74490;"SAINT-JEOIRE";"74";"HAUTE SAVOIE";"AUVERGNE RHONE ALPES";NA;"1";"2002-02-04";"9220";"TRUE";"FALSE"
472;451713291;"FOYER SOCIO EDUCATIF ENSEIG TECH ESTAQUE";"Associations";13016;"MARSEILLE 16";"13";"BOUCHES DU RHONE";"PROVENCE ALPES COTE D AZUR";NA;"1";"2003-10-28";"9220";"TRUE";"FALSE"
473;488051350;"AU CLAIR DE LA BULLE";"Associations";43300;"LANGEAC";"43";"HAUTE LOIRE";"AUVERGNE RHONE ALPES";"PME";"1";"2005-03-23";"9220";"TRUE";"FALSE"
474;491681649;"YOGA - YOGA";"Associations";69380;"CHASSELAY";"69";"RHONE";"AUVERGNE RHONE ALPES";NA;"1";"2006-01-10";"9220";"TRUE";"FALSE"
475;500070396;"ASSOCIATION SPORTIVE DU COLLEGE CHAMPAGNE";"Associations";74200;"THONON-LES-BAINS";"74";"HAUTE SAVOIE";"AUVERGNE RHONE ALPES";NA;"1";"1983-10-09";"9220";"TRUE";"FALSE"
476;510943368;"ASSOCIATION CHASSIEU CROATIE";"Associations";69680;"CHASSIEU";"69";"RHONE";"AUVERGNE RHONE ALPES";NA;"1";"2005-06-30";"9220";"TRUE";"FALSE"
477;527736540;"ECOLE DE FORMATION JUDO 21 DIJON";"Associations";21000;"DIJON";"21";"COTE D OR";"BOURGOGNE FRANCHE COMTE";NA;"1";"2010-09-02";"9220";"TRUE";"FALSE"
478;751140302;"L ECOLE DU TAI CHI";"Associations";69670;"VAUGNERAY";"69";"RHONE";"AUVERGNE RHONE ALPES";"PME";"1";"2012-03-01";"9220";"TRUE";"FALSE"
479;779496330;"OGEC NOTRE DAME DU ROSAIRE";"Associations";38490;"CHIMILIN";"38";"ISERE";"AUVERGNE RHONE ALPES";"PME";"1";"1900-01-01";"9220";"TRUE";"FALSE"
480;798908307;"ZIC N' CO";"Associations";73170;"YENNE";"73";"SAVOIE";"AUVERGNE RHONE ALPES";NA;"1";"2013-09-09";"9220";"TRUE";"FALSE"
481;68500628;"GROUPEMENT DES INSTALLATEURS FRANCAIS";"Cooperative";38130;"ECHIROLLES";"38";"ISERE";"AUVERGNE RHONE ALPES";"Not_found";"Not_found";"Not_found";"Not_found";"Not_found";"Not_found"
482;335051231;"JUDO CLUB ISLOIS";"Associations";84800;"L'ISLE-SUR-LA-SORGUE";"84";"VAUCLUSE";"PROVENCE ALPES COTE D AZUR";NA;"2";"1986-03-19";"9220";"TRUE";"FALSE"
483;379821655;"ASSOCIATION SKI DE FOND 2000";"Associations";39400;"BELLEFONTAINE";"39";"JURA";"BOURGOGNE FRANCHE COMTE";NA;"1";"1990-10-31";"9220";"TRUE";"FALSE"
484;397538810;"ZIRCON";"Associations";43000;"ESPALY-SAINT-MARCEL";"43";"HAUTE LOIRE";"AUVERGNE RHONE ALPES";NA;"1";"1994-03-01";"9220";"TRUE";"FALSE"
485;419072129;"CHALET CHAUDEYRAC PRODUITS ARTISANAT";"Associations";43550;"SAINT-FRONT";"43";"HAUTE LOIRE";"AUVERGNE RHONE ALPES";NA;"1";"1998-03-04";"9220";"TRUE";"FALSE"
486;442011730;"ASS CARE & SHARE";"Associations";38600;"FONTAINE";"38";"ISERE";"AUVERGNE RHONE ALPES";NA;"1";"2001-08-01";"9220";"TRUE";"FALSE"
487;441686995;"KARATE CLUB";"Associations";38210;"TULLINS";"38";"ISERE";"AUVERGNE RHONE ALPES";NA;"1";"1978-06-22";"9220";"TRUE";"FALSE"
488;451713804;"ASSOCIATION ROSTAND";"Associations";13006;"MARSEILLE 6";"13";"BOUCHES DU RHONE";"PROVENCE ALPES COTE D AZUR";NA;"1";"1994-07-21";"9220";"TRUE";"FALSE"
489;488051442;"COLLECTIF ILDI ELDI";"Associations";13002;"MARSEILLE 2";"13";"BOUCHES DU RHONE";"PROVENCE ALPES COTE D AZUR";"PME";"1";"2003-11-20";"9220";"TRUE";"FALSE"
490;491681888;"MANAGEMENT PUBLIC CONSEIL";"Associations";26260;"SAINT DONAT SUR L'HERBASSE";"26";"DROME";"AUVERGNE RHONE ALPES";"PME";"2";"2006-09-01";"9220";"TRUE";"FALSE"
491;500070636;"HORS SERIES";"Associations";13001;"MARSEILLE 1";"13";"BOUCHES DU RHONE";"PROVENCE ALPES COTE D AZUR";"PME";"1";"2007-02-12";"9220";"TRUE";"FALSE"
492;510943467;"THEATRE ANIMATIONS LOISIRS";"Associations";70210;"PASSAVANT-LA-ROCHERE";"70";"HAUTE SAONE";"BOURGOGNE FRANCHE COMTE";NA;"1";"2001-10-18";"9220";"TRUE";"FALSE"
493;527736565;"COMPAGNIE LA TRANSVERSALE";"Associations";63000;"CLERMONT-FERRAND";"63";"PUY DE DOME";"AUVERGNE RHONE ALPES";"PME";"1";"2010-03-12";"9220";"TRUE";"FALSE"
494;751144429;"ASSOCIATION DE LA SALLE DES FETES DE LAQUEUILLE";"Associations";63820;"LAQUEUILLE";"63";"PUY DE DOME";"AUVERGNE RHONE ALPES";NA;"1";"2011-01-28";"9220";"TRUE";"FALSE"
495;779496553;"CLUB SPORTIF CHIRENNOIS";"Associations";38850;"CHIRENS";"38";"ISERE";"AUVERGNE RHONE ALPES";NA;"1";"1900-01-01";"9220";"TRUE";"FALSE"
496;798908588;"LE CLUB DES JEUNES ANONYMES";"Associations";25000;"BESANCON";"25";"DOUBS";"BOURGOGNE FRANCHE COMTE";NA;"1";"2013-10-09";"9220";"TRUE";"FALSE"
497;69501500;"ASS RONDEAU-MONTFLEURY";"Associations";38700;"CORENC";"38";"ISERE";"AUVERGNE RHONE ALPES";"Not_found";"Not_found";"Not_found";"Not_found";"Not_found";"Not_found"
498;335059580;"ASS FRANCAISE CENTRE CONSULT CONJUGALE";"Associations";13001;"MARSEILLE 1";"13";"BOUCHES DU RHONE";"PROVENCE ALPES COTE D AZUR";"PME";"1";"1986-01-02";"9220";"TRUE";"FALSE"
499;384360012;"ASSOCIATION ENTRE ACTES";"Associations";73000;"CHAMBERY";"73";"SAVOIE";"AUVERGNE RHONE ALPES";"PME";"1";"1989-04-17";"9220";"TRUE";"FALSE"
